2026-03-22 19:34:59,037 - INFO - Iniciando aplicación...
2026-03-22 19:34:59,112 - INFO - QApplication creado
2026-03-22 19:34:59,182 - INFO - MainWindow creado
2026-03-22 19:34:59,480 - INFO - Ventana mostrada
2026-03-22 19:34:59,480 - INFO - Entrando al event loop
2026-03-22 19:35:00,427 - DEBUG - connect_tcp.started host='huggingface.co' port=443 local_address=None timeout=None socket_options=None
2026-03-22 19:35:00,640 - DEBUG - connect_tcp.complete return_value=<httpcore._backends.sync.SyncStream object at 0x000002424BF43B60>
2026-03-22 19:35:00,642 - DEBUG - start_tls.started ssl_context=<ssl.SSLContext object at 0x000002424BF5D9A0> server_hostname='huggingface.co' timeout=None
2026-03-22 19:35:02,386 - DEBUG - start_tls.complete return_value=<httpcore._backends.sync.SyncStream object at 0x000002424BF02FD0>
2026-03-22 19:35:02,388 - DEBUG - send_request_headers.started request=<Request [b'GET']>
2026-03-22 19:35:02,391 - DEBUG - send_request_headers.complete
2026-03-22 19:35:02,391 - DEBUG - send_request_body.started request=<Request [b'GET']>
2026-03-22 19:35:02,392 - DEBUG - send_request_body.complete
2026-03-22 19:35:02,393 - DEBUG - receive_response_headers.started request=<Request [b'GET']>
2026-03-22 19:35:03,168 - DEBUG - receive_response_headers.complete return_value=(b'HTTP/1.1', 200, b'OK', [(b'Content-Type', b'application/json; charset=utf-8'), (b'Transfer-Encoding', b'chunked'), (b'Connection', b'keep-alive'), (b'Date', b'Sun, 22 Mar 2026 22:35:02 GMT'), (b'Access-Control-Expose-Headers', b'X-Repo-Commit,X-Request-Id,X-Error-Code,X-Error-Message,X-Total-Count,ETag,Link,Accept-Ranges,Content-Range,X-Linked-Size,X-Linked-ETag,X-Xet-Hash'), (b'content-encoding', b'gzip'), (b'X-Powered-By', b'huggingface-moon'), (b'X-Request-Id', b'Root=1-69c06e96-041a9fba7693d72847924ad9;02b00150-8cea-4fcd-b329-b7eacd08f947'), (b'RateLimit', b'"api";r=490;t=70'), (b'RateLimit-Policy', b'"fixed window";"api";q=500;w=300'), (b'cross-origin-opener-policy', b'same-origin'), (b'Referrer-Policy', b'strict-origin-when-cross-origin'), (b'Access-Control-Max-Age', b'86400'), (b'Access-Control-Allow-Origin', b'https://huggingface.co'), (b'Vary', b'Origin'), (b'vary', b'accept-encoding'), (b'ETag', b'W/"7b8-h9JI9aGTNoz2DNPliurF8O/8ybk"'), (b'X-Cache', b'Miss from cloudfront'), (b'Via', b'1.1 9136b143cdd61169ea2ceae053aa744c.cloudfront.net (CloudFront)'), (b'X-Amz-Cf-Pop', b'EZE50-P7'), (b'X-Amz-Cf-Id', b'noQhAfDxVYU6N4eFrZM2B1NXL9xrq0nWOXxBXP9DyDtfZf8O_uvEPA==')])
2026-03-22 19:35:03,174 - INFO - HTTP Request: GET https://huggingface.co/api/models/Systran/faster-whisper-base/revision/main "HTTP/1.1 200 OK"
2026-03-22 19:35:03,176 - DEBUG - receive_response_body.started request=<Request [b'GET']>
2026-03-22 19:35:03,178 - DEBUG - receive_response_body.complete
2026-03-22 19:35:03,179 - DEBUG - response_closed.started
2026-03-22 19:35:03,179 - DEBUG - response_closed.complete
2026-03-22 19:35:03,246 - DEBUG - send_request_headers.started request=<Request [b'GET']>
2026-03-22 19:35:03,246 - DEBUG - send_request_headers.complete
2026-03-22 19:35:03,247 - DEBUG - send_request_body.started request=<Request [b'GET']>
2026-03-22 19:35:03,247 - DEBUG - send_request_body.complete
2026-03-22 19:35:03,247 - DEBUG - receive_response_headers.started request=<Request [b'GET']>
2026-03-22 19:35:04,181 - DEBUG - receive_response_headers.complete return_value=(b'HTTP/1.1', 200, b'OK', [(b'Content-Type', b'application/json; charset=utf-8'), (b'Transfer-Encoding', b'chunked'), (b'Connection', b'keep-alive'), (b'Date', b'Sun, 22 Mar 2026 22:35:03 GMT'), (b'content-encoding', b'gzip'), (b'ETag', b'W/"7b8-h9JI9aGTNoz2DNPliurF8O/8ybk"'), (b'X-Powered-By', b'huggingface-moon'), (b'X-Request-Id', b'Root=1-69c06e97-2d8a2adf7ed9f6992152eb4a;da87502d-1de3-43f5-bac6-c81c06f170b4'), (b'RateLimit', b'"api";r=489;t=69'), (b'RateLimit-Policy', b'"fixed window";"api";q=500;w=300'), (b'cross-origin-opener-policy', b'same-origin'), (b'Referrer-Policy', b'strict-origin-when-cross-origin'), (b'Access-Control-Max-Age', b'86400'), (b'Access-Control-Allow-Origin', b'https://huggingface.co'), (b'Vary', b'Origin'), (b'vary', b'Accept-Encoding'), (b'Access-Control-Expose-Headers', b'X-Repo-Commit,X-Request-Id,X-Error-Code,X-Error-Message,X-Total-Count,ETag,Link,Accept-Ranges,Content-Range,X-Linked-Size,X-Linked-ETag,X-Xet-Hash'), (b'X-Cache', b'Miss from cloudfront'), (b'Via', b'1.1 9136b143cdd61169ea2ceae053aa744c.cloudfront.net (CloudFront)'), (b'X-Amz-Cf-Pop', b'EZE50-P7'), (b'X-Amz-Cf-Id', b'LJCE5CP2y5W2EL86k6IDbcrT_hCiIb5qPwQX-BH-k_P7gFKzO7oKKw==')])
2026-03-22 19:35:04,183 - INFO - HTTP Request: GET https://huggingface.co/api/models/Systran/faster-whisper-base/revision/main "HTTP/1.1 200 OK"
2026-03-22 19:35:04,184 - DEBUG - receive_response_body.started request=<Request [b'GET']>
2026-03-22 19:35:05,763 - DEBUG - receive_response_body.complete
2026-03-22 19:35:05,764 - DEBUG - response_closed.started
2026-03-22 19:35:05,764 - DEBUG - response_closed.complete
2026-03-22 19:35:05,774 - DEBUG - send_request_headers.started request=<Request [b'GET']>
2026-03-22 19:35:05,776 - DEBUG - send_request_headers.complete
2026-03-22 19:35:05,776 - DEBUG - send_request_body.started request=<Request [b'GET']>
2026-03-22 19:35:05,776 - DEBUG - send_request_body.complete
2026-03-22 19:35:05,777 - DEBUG - receive_response_headers.started request=<Request [b'GET']>
2026-03-22 19:35:06,393 - DEBUG - receive_response_headers.complete return_value=(b'HTTP/1.1', 200, b'OK', [(b'Content-Type', b'application/json; charset=utf-8'), (b'Transfer-Encoding', b'chunked'), (b'Connection', b'keep-alive'), (b'Date', b'Sun, 22 Mar 2026 22:35:06 GMT'), (b'Access-Control-Expose-Headers', b'X-Repo-Commit,X-Request-Id,X-Error-Code,X-Error-Message,X-Total-Count,ETag,Link,Accept-Ranges,Content-Range,X-Linked-Size,X-Linked-ETag,X-Xet-Hash'), (b'content-encoding', b'gzip'), (b'X-Powered-By', b'huggingface-moon'), (b'X-Request-Id', b'Root=1-69c06e9a-38f209c24954948d2af85f47;7f3b89b4-f116-4e33-9156-7326f6d36913'), (b'RateLimit', b'"api";r=488;t=66'), (b'RateLimit-Policy', b'"fixed window";"api";q=500;w=300'), (b'cross-origin-opener-policy', b'same-origin'), (b'Referrer-Policy', b'strict-origin-when-cross-origin'), (b'Access-Control-Max-Age', b'86400'), (b'Access-Control-Allow-Origin', b'https://huggingface.co'), (b'Vary', b'Origin'), (b'vary', b'accept-encoding'), (b'ETag', b'W/"7b8-h9JI9aGTNoz2DNPliurF8O/8ybk"'), (b'X-Cache', b'Miss from cloudfront'), (b'Via', b'1.1 9136b143cdd61169ea2ceae053aa744c.cloudfront.net (CloudFront)'), (b'X-Amz-Cf-Pop', b'EZE50-P7'), (b'X-Amz-Cf-Id', b'73r2Neqf0ULxkHJTIO3F52l88vNTRhIhKTovYB7Ao6rq4eptfTrNaA==')])
2026-03-22 19:35:06,395 - INFO - HTTP Request: GET https://huggingface.co/api/models/Systran/faster-whisper-base/revision/main "HTTP/1.1 200 OK"
2026-03-22 19:35:06,397 - DEBUG - receive_response_body.started request=<Request [b'GET']>
2026-03-22 19:35:06,398 - DEBUG - receive_response_body.complete
2026-03-22 19:35:06,399 - DEBUG - response_closed.started
2026-03-22 19:35:06,400 - DEBUG - response_closed.complete
2026-03-22 19:36:31,124 - INFO - Iniciando aplicación...
2026-03-22 19:36:31,147 - INFO - QApplication creado
2026-03-22 19:36:31,180 - INFO - MainWindow creado
2026-03-22 19:36:31,335 - INFO - Ventana mostrada
2026-03-22 19:36:31,336 - INFO - Entrando al event loop
2026-03-22 19:46:15,885 - DEBUG - connect_tcp.started host='huggingface.co' port=443 local_address=None timeout=None socket_options=None
2026-03-22 19:46:20,859 - DEBUG - connect_tcp.complete return_value=<httpcore._backends.sync.SyncStream object at 0x00000150E2078050>
2026-03-22 19:46:20,861 - DEBUG - start_tls.started ssl_context=<ssl.SSLContext object at 0x00000150E1FB19A0> server_hostname='huggingface.co' timeout=None
2026-03-22 19:46:21,953 - DEBUG - start_tls.complete return_value=<httpcore._backends.sync.SyncStream object at 0x00000150E1EE7C50>
2026-03-22 19:46:21,954 - DEBUG - send_request_headers.started request=<Request [b'GET']>
2026-03-22 19:46:21,956 - DEBUG - send_request_headers.complete
2026-03-22 19:46:21,956 - DEBUG - send_request_body.started request=<Request [b'GET']>
2026-03-22 19:46:21,957 - DEBUG - send_request_body.complete
2026-03-22 19:46:21,958 - DEBUG - receive_response_headers.started request=<Request [b'GET']>
2026-03-22 19:46:24,020 - DEBUG - receive_response_headers.complete return_value=(b'HTTP/1.1', 200, b'OK', [(b'Content-Type', b'application/json; charset=utf-8'), (b'Transfer-Encoding', b'chunked'), (b'Connection', b'keep-alive'), (b'Date', b'Sun, 22 Mar 2026 22:46:22 GMT'), (b'content-encoding', b'gzip'), (b'ETag', b'W/"7b8-h9JI9aGTNoz2DNPliurF8O/8ybk"'), (b'X-Powered-By', b'huggingface-moon'), (b'X-Request-Id', b'Root=1-69c0713e-14ce42dd7c4dba0b643b6d2e;ce5d0b24-6f85-4dfc-bcfc-e93fb1a6869c'), (b'RateLimit', b'"api";r=499;t=170'), (b'RateLimit-Policy', b'"fixed window";"api";q=500;w=300'), (b'cross-origin-opener-policy', b'same-origin'), (b'Referrer-Policy', b'strict-origin-when-cross-origin'), (b'Access-Control-Max-Age', b'86400'), (b'Access-Control-Allow-Origin', b'https://huggingface.co'), (b'Vary', b'Origin'), (b'vary', b'Accept-Encoding'), (b'Access-Control-Expose-Headers', b'X-Repo-Commit,X-Request-Id,X-Error-Code,X-Error-Message,X-Total-Count,ETag,Link,Accept-Ranges,Content-Range,X-Linked-Size,X-Linked-ETag,X-Xet-Hash'), (b'X-Cache', b'Miss from cloudfront'), (b'Via', b'1.1 909e93098688026ccc4a62a8a7a570d6.cloudfront.net (CloudFront)'), (b'X-Amz-Cf-Pop', b'EZE50-P7'), (b'X-Amz-Cf-Id', b'SDdr6JRdoJIqGZ2j-acKAXM8tZeHzPcfvq8-EM55rY-_mrLO8ii9HQ==')])
2026-03-22 19:46:24,023 - INFO - HTTP Request: GET https://huggingface.co/api/models/Systran/faster-whisper-base/revision/main "HTTP/1.1 200 OK"
2026-03-22 19:46:24,024 - DEBUG - receive_response_body.started request=<Request [b'GET']>
2026-03-22 19:46:24,027 - DEBUG - receive_response_body.complete
2026-03-22 19:46:24,028 - DEBUG - response_closed.started
2026-03-22 19:46:24,029 - DEBUG - response_closed.complete
2026-03-22 19:46:24,213 - DEBUG - send_request_headers.started request=<Request [b'GET']>
2026-03-22 19:46:24,214 - DEBUG - send_request_headers.complete
2026-03-22 19:46:24,214 - DEBUG - send_request_body.started request=<Request [b'GET']>
2026-03-22 19:46:24,214 - DEBUG - send_request_body.complete
2026-03-22 19:46:24,215 - DEBUG - receive_response_headers.started request=<Request [b'GET']>
2026-03-22 19:46:24,545 - DEBUG - receive_response_headers.complete return_value=(b'HTTP/1.1', 200, b'OK', [(b'Content-Type', b'application/json; charset=utf-8'), (b'Transfer-Encoding', b'chunked'), (b'Connection', b'keep-alive'), (b'Date', b'Sun, 22 Mar 2026 22:46:24 GMT'), (b'Access-Control-Expose-Headers', b'X-Repo-Commit,X-Request-Id,X-Error-Code,X-Error-Message,X-Total-Count,ETag,Link,Accept-Ranges,Content-Range,X-Linked-Size,X-Linked-ETag,X-Xet-Hash'), (b'content-encoding', b'gzip'), (b'X-Powered-By', b'huggingface-moon'), (b'X-Request-Id', b'Root=1-69c07140-7ad084d53655905d1ba694e4;b85e73be-eb8f-478d-8619-51c7d785bf4c'), (b'RateLimit', b'"api";r=498;t=168'), (b'RateLimit-Policy', b'"fixed window";"api";q=500;w=300'), (b'cross-origin-opener-policy', b'same-origin'), (b'Referrer-Policy', b'strict-origin-when-cross-origin'), (b'Access-Control-Max-Age', b'86400'), (b'Access-Control-Allow-Origin', b'https://huggingface.co'), (b'Vary', b'Origin'), (b'vary', b'accept-encoding'), (b'ETag', b'W/"7b8-h9JI9aGTNoz2DNPliurF8O/8ybk"'), (b'X-Cache', b'Miss from cloudfront'), (b'Via', b'1.1 909e93098688026ccc4a62a8a7a570d6.cloudfront.net (CloudFront)'), (b'X-Amz-Cf-Pop', b'EZE50-P7'), (b'X-Amz-Cf-Id', b'XRAXo_M78drD0IIvLaUA2qEf1Jm3I3VGrFLxjwOWgUmnnO3AhvGOyw==')])
2026-03-22 19:46:24,547 - INFO - HTTP Request: GET https://huggingface.co/api/models/Systran/faster-whisper-base/revision/main "HTTP/1.1 200 OK"
2026-03-22 19:46:24,548 - DEBUG - receive_response_body.started request=<Request [b'GET']>
2026-03-22 19:46:24,548 - DEBUG - receive_response_body.complete
2026-03-22 19:46:24,549 - DEBUG - response_closed.started
2026-03-22 19:46:24,549 - DEBUG - response_closed.complete
2026-03-22 19:46:24,555 - DEBUG - send_request_headers.started request=<Request [b'GET']>
2026-03-22 19:46:24,557 - DEBUG - send_request_headers.complete
2026-03-22 19:46:24,557 - DEBUG - send_request_body.started request=<Request [b'GET']>
2026-03-22 19:46:24,558 - DEBUG - send_request_body.complete
2026-03-22 19:46:24,558 - DEBUG - receive_response_headers.started request=<Request [b'GET']>
2026-03-22 19:46:24,943 - DEBUG - receive_response_headers.complete return_value=(b'HTTP/1.1', 200, b'OK', [(b'Content-Type', b'application/json; charset=utf-8'), (b'Transfer-Encoding', b'chunked'), (b'Connection', b'keep-alive'), (b'Date', b'Sun, 22 Mar 2026 22:46:24 GMT'), (b'content-encoding', b'gzip'), (b'ETag', b'W/"7b8-h9JI9aGTNoz2DNPliurF8O/8ybk"'), (b'X-Powered-By', b'huggingface-moon'), (b'X-Request-Id', b'Root=1-69c07140-1ab95f7f0b7872b8419da70b;d84b3589-594c-4279-8163-0a9b4b9a4c04'), (b'RateLimit', b'"api";r=497;t=168'), (b'RateLimit-Policy', b'"fixed window";"api";q=500;w=300'), (b'cross-origin-opener-policy', b'same-origin'), (b'Referrer-Policy', b'strict-origin-when-cross-origin'), (b'Access-Control-Max-Age', b'86400'), (b'Access-Control-Allow-Origin', b'https://huggingface.co'), (b'Vary', b'Origin'), (b'vary', b'Accept-Encoding'), (b'Access-Control-Expose-Headers', b'X-Repo-Commit,X-Request-Id,X-Error-Code,X-Error-Message,X-Total-Count,ETag,Link,Accept-Ranges,Content-Range,X-Linked-Size,X-Linked-ETag,X-Xet-Hash'), (b'X-Cache', b'Miss from cloudfront'), (b'Via', b'1.1 909e93098688026ccc4a62a8a7a570d6.cloudfront.net (CloudFront)'), (b'X-Amz-Cf-Pop', b'EZE50-P7'), (b'X-Amz-Cf-Id', b'Fdc_sGY8J525qHFWrmKvHrW8HoERZV6YY4S8hoj3fTTky3o-Ya4dmQ==')])
2026-03-22 19:46:24,944 - INFO - HTTP Request: GET https://huggingface.co/api/models/Systran/faster-whisper-base/revision/main "HTTP/1.1 200 OK"
2026-03-22 19:46:24,945 - DEBUG - receive_response_body.started request=<Request [b'GET']>
2026-03-22 19:46:24,946 - DEBUG - receive_response_body.complete
2026-03-22 19:46:24,947 - DEBUG - response_closed.started
2026-03-22 19:46:24,948 - DEBUG - response_closed.complete
2026-03-22 20:04:07,109 - INFO - Iniciando aplicación...
2026-03-22 20:04:07,337 - INFO - QApplication creado
2026-03-22 20:04:07,365 - INFO - MainWindow creado
2026-03-22 20:04:07,662 - INFO - Ventana mostrada
2026-03-22 20:04:07,662 - INFO - Entrando al event loop
2026-03-22 20:11:10,548 - DEBUG - connect_tcp.started host='huggingface.co' port=443 local_address=None timeout=None socket_options=None
2026-03-22 20:11:10,686 - DEBUG - connect_tcp.complete return_value=<httpcore._backends.sync.SyncStream object at 0x00000236E2198050>
2026-03-22 20:11:10,688 - DEBUG - start_tls.started ssl_context=<ssl.SSLContext object at 0x00000236E20D19A0> server_hostname='huggingface.co' timeout=None
2026-03-22 20:11:10,725 - DEBUG - start_tls.complete return_value=<httpcore._backends.sync.SyncStream object at 0x00000236E2007C50>
2026-03-22 20:11:10,726 - DEBUG - send_request_headers.started request=<Request [b'GET']>
2026-03-22 20:11:10,728 - DEBUG - send_request_headers.complete
2026-03-22 20:11:10,728 - DEBUG - send_request_body.started request=<Request [b'GET']>
2026-03-22 20:11:10,729 - DEBUG - send_request_body.complete
2026-03-22 20:11:10,729 - DEBUG - receive_response_headers.started request=<Request [b'GET']>
2026-03-22 20:11:10,926 - DEBUG - receive_response_headers.complete return_value=(b'HTTP/1.1', 200, b'OK', [(b'Content-Type', b'application/json; charset=utf-8'), (b'Transfer-Encoding', b'chunked'), (b'Connection', b'keep-alive'), (b'Date', b'Sun, 22 Mar 2026 23:11:10 GMT'), (b'content-encoding', b'gzip'), (b'ETag', b'W/"7b8-h9JI9aGTNoz2DNPliurF8O/8ybk"'), (b'X-Powered-By', b'huggingface-moon'), (b'X-Request-Id', b'Root=1-69c0770e-40adc90b7b3c2c634ee22742;809f4877-a2dd-42e0-8d74-df3534d7bdf4'), (b'RateLimit', b'"api";r=499;t=182'), (b'RateLimit-Policy', b'"fixed window";"api";q=500;w=300'), (b'cross-origin-opener-policy', b'same-origin'), (b'Referrer-Policy', b'strict-origin-when-cross-origin'), (b'Access-Control-Max-Age', b'86400'), (b'Access-Control-Allow-Origin', b'https://huggingface.co'), (b'Vary', b'Origin'), (b'vary', b'Accept-Encoding'), (b'Access-Control-Expose-Headers', b'X-Repo-Commit,X-Request-Id,X-Error-Code,X-Error-Message,X-Total-Count,ETag,Link,Accept-Ranges,Content-Range,X-Linked-Size,X-Linked-ETag,X-Xet-Hash'), (b'X-Cache', b'Miss from cloudfront'), (b'Via', b'1.1 92b04fa1f7fc8cf7b88f8e05368a8846.cloudfront.net (CloudFront)'), (b'X-Amz-Cf-Pop', b'EZE50-P7'), (b'X-Amz-Cf-Id', b'YNeVJxaiurDWaXSH_PzjItr8CQOEV9ncu0VU-GcC7P0S6iCev7Znsw==')])
2026-03-22 20:11:10,928 - INFO - HTTP Request: GET https://huggingface.co/api/models/Systran/faster-whisper-base/revision/main "HTTP/1.1 200 OK"
2026-03-22 20:11:10,930 - DEBUG - receive_response_body.started request=<Request [b'GET']>
2026-03-22 20:11:10,931 - DEBUG - receive_response_body.complete
2026-03-22 20:11:10,931 - DEBUG - response_closed.started
2026-03-22 20:11:10,932 - DEBUG - response_closed.complete
2026-03-22 20:11:10,973 - DEBUG - send_request_headers.started request=<Request [b'GET']>
2026-03-22 20:11:10,973 - DEBUG - send_request_headers.complete
2026-03-22 20:11:10,974 - DEBUG - send_request_body.started request=<Request [b'GET']>
2026-03-22 20:11:10,974 - DEBUG - send_request_body.complete
2026-03-22 20:11:10,974 - DEBUG - receive_response_headers.started request=<Request [b'GET']>
2026-03-22 20:11:11,159 - DEBUG - receive_response_headers.complete return_value=(b'HTTP/1.1', 200, b'OK', [(b'Content-Type', b'application/json; charset=utf-8'), (b'Transfer-Encoding', b'chunked'), (b'Connection', b'keep-alive'), (b'Date', b'Sun, 22 Mar 2026 23:11:10 GMT'), (b'Access-Control-Expose-Headers', b'X-Repo-Commit,X-Request-Id,X-Error-Code,X-Error-Message,X-Total-Count,ETag,Link,Accept-Ranges,Content-Range,X-Linked-Size,X-Linked-ETag,X-Xet-Hash'), (b'content-encoding', b'gzip'), (b'X-Powered-By', b'huggingface-moon'), (b'X-Request-Id', b'Root=1-69c0770e-6f534d2020fbe6bd531fd41c;5266ed09-36bb-40aa-a906-4676ab2dd974'), (b'RateLimit', b'"api";r=498;t=182'), (b'RateLimit-Policy', b'"fixed window";"api";q=500;w=300'), (b'cross-origin-opener-policy', b'same-origin'), (b'Referrer-Policy', b'strict-origin-when-cross-origin'), (b'Access-Control-Max-Age', b'86400'), (b'Access-Control-Allow-Origin', b'https://huggingface.co'), (b'Vary', b'Origin'), (b'vary', b'accept-encoding'), (b'ETag', b'W/"7b8-h9JI9aGTNoz2DNPliurF8O/8ybk"'), (b'X-Cache', b'Miss from cloudfront'), (b'Via', b'1.1 92b04fa1f7fc8cf7b88f8e05368a8846.cloudfront.net (CloudFront)'), (b'X-Amz-Cf-Pop', b'EZE50-P7'), (b'X-Amz-Cf-Id', b'eX7-Jocs4QwVSabAQSXZdFMNlVf_TrQV8IdC-IuFqLgpNtb_Mk3rYw==')])
2026-03-22 20:11:11,161 - INFO - HTTP Request: GET https://huggingface.co/api/models/Systran/faster-whisper-base/revision/main "HTTP/1.1 200 OK"
2026-03-22 20:11:11,162 - DEBUG - receive_response_body.started request=<Request [b'GET']>
2026-03-22 20:11:11,163 - DEBUG - receive_response_body.complete
2026-03-22 20:11:11,164 - DEBUG - response_closed.started
2026-03-22 20:11:11,164 - DEBUG - response_closed.complete
2026-03-22 20:11:11,169 - DEBUG - send_request_headers.started request=<Request [b'GET']>
2026-03-22 20:11:11,170 - DEBUG - send_request_headers.complete
2026-03-22 20:11:11,171 - DEBUG - send_request_body.started request=<Request [b'GET']>
2026-03-22 20:11:11,171 - DEBUG - send_request_body.complete
2026-03-22 20:11:11,171 - DEBUG - receive_response_headers.started request=<Request [b'GET']>
2026-03-22 20:11:11,359 - DEBUG - receive_response_headers.complete return_value=(b'HTTP/1.1', 200, b'OK', [(b'Content-Type', b'application/json; charset=utf-8'), (b'Transfer-Encoding', b'chunked'), (b'Connection', b'keep-alive'), (b'Date', b'Sun, 22 Mar 2026 23:11:11 GMT'), (b'Access-Control-Expose-Headers', b'X-Repo-Commit,X-Request-Id,X-Error-Code,X-Error-Message,X-Total-Count,ETag,Link,Accept-Ranges,Content-Range,X-Linked-Size,X-Linked-ETag,X-Xet-Hash'), (b'content-encoding', b'gzip'), (b'X-Powered-By', b'huggingface-moon'), (b'X-Request-Id', b'Root=1-69c0770f-6ae90de454ac57fa731a939d;8b6890fb-b219-4fbc-89e3-7327ef195996'), (b'RateLimit', b'"api";r=497;t=181'), (b'RateLimit-Policy', b'"fixed window";"api";q=500;w=300'), (b'cross-origin-opener-policy', b'same-origin'), (b'Referrer-Policy', b'strict-origin-when-cross-origin'), (b'Access-Control-Max-Age', b'86400'), (b'Access-Control-Allow-Origin', b'https://huggingface.co'), (b'Vary', b'Origin'), (b'vary', b'accept-encoding'), (b'ETag', b'W/"7b8-h9JI9aGTNoz2DNPliurF8O/8ybk"'), (b'X-Cache', b'Miss from cloudfront'), (b'Via', b'1.1 92b04fa1f7fc8cf7b88f8e05368a8846.cloudfront.net (CloudFront)'), (b'X-Amz-Cf-Pop', b'EZE50-P7'), (b'X-Amz-Cf-Id', b'B6l6Gh-cksE9Af00NXkr4Jo5p_DlYdGqCocettWO1PMD3cplTisDOQ==')])
2026-03-22 20:11:11,362 - INFO - HTTP Request: GET https://huggingface.co/api/models/Systran/faster-whisper-base/revision/main "HTTP/1.1 200 OK"
2026-03-22 20:11:11,363 - DEBUG - receive_response_body.started request=<Request [b'GET']>
2026-03-22 20:11:11,364 - DEBUG - receive_response_body.complete
2026-03-22 20:11:11,367 - DEBUG - response_closed.started
2026-03-22 20:11:11,367 - DEBUG - response_closed.complete
2026-03-22 20:12:22,115 - INFO - Iniciando aplicación...
2026-03-22 20:12:22,143 - INFO - QApplication creado
2026-03-22 20:12:22,175 - INFO - MainWindow creado
2026-03-22 20:12:22,405 - INFO - Ventana mostrada
2026-03-22 20:12:22,406 - INFO - Entrando al event loop
2026-03-22 20:13:53,305 - INFO - Iniciando aplicación...
2026-03-22 20:13:53,328 - INFO - QApplication creado
2026-03-22 20:13:53,360 - INFO - MainWindow creado
2026-03-22 20:13:53,501 - INFO - Ventana mostrada
2026-03-22 20:13:53,503 - INFO - Entrando al event loop
2026-03-22 20:13:55,360 - INFO - Iniciando prueba automática de audio...
2026-03-22 20:13:56,086 - DEBUG - connect_tcp.started host='huggingface.co' port=443 local_address=None timeout=None socket_options=None
2026-03-22 20:13:56,246 - DEBUG - connect_tcp.complete return_value=<httpcore._backends.sync.SyncStream object at 0x000001D8179638C0>
2026-03-22 20:13:56,247 - DEBUG - start_tls.started ssl_context=<ssl.SSLContext object at 0x000001D81797D9A0> server_hostname='huggingface.co' timeout=None
2026-03-22 20:13:56,655 - DEBUG - start_tls.complete return_value=<httpcore._backends.sync.SyncStream object at 0x000001D81792F390>
2026-03-22 20:13:56,656 - DEBUG - send_request_headers.started request=<Request [b'GET']>
2026-03-22 20:13:56,657 - DEBUG - send_request_headers.complete
2026-03-22 20:13:56,658 - DEBUG - send_request_body.started request=<Request [b'GET']>
2026-03-22 20:13:56,658 - DEBUG - send_request_body.complete
2026-03-22 20:13:56,659 - DEBUG - receive_response_headers.started request=<Request [b'GET']>
2026-03-22 20:13:57,091 - DEBUG - receive_response_headers.complete return_value=(b'HTTP/1.1', 200, b'OK', [(b'Content-Type', b'application/json; charset=utf-8'), (b'Transfer-Encoding', b'chunked'), (b'Connection', b'keep-alive'), (b'Date', b'Sun, 22 Mar 2026 23:13:56 GMT'), (b'Access-Control-Expose-Headers', b'X-Repo-Commit,X-Request-Id,X-Error-Code,X-Error-Message,X-Total-Count,ETag,Link,Accept-Ranges,Content-Range,X-Linked-Size,X-Linked-ETag,X-Xet-Hash'), (b'content-encoding', b'gzip'), (b'X-Powered-By', b'huggingface-moon'), (b'X-Request-Id', b'Root=1-69c077b4-4454775e5429c2e90d26da72;cc03e16d-7f0e-4f9b-b4d5-709a4d72b0f1'), (b'RateLimit', b'"api";r=499;t=136'), (b'RateLimit-Policy', b'"fixed window";"api";q=500;w=300'), (b'cross-origin-opener-policy', b'same-origin'), (b'Referrer-Policy', b'strict-origin-when-cross-origin'), (b'Access-Control-Max-Age', b'86400'), (b'Access-Control-Allow-Origin', b'https://huggingface.co'), (b'Vary', b'Origin'), (b'vary', b'accept-encoding'), (b'ETag', b'W/"7b8-h9JI9aGTNoz2DNPliurF8O/8ybk"'), (b'X-Cache', b'Miss from cloudfront'), (b'Via', b'1.1 d7a2d5a951579cad96e3442a8a8e646e.cloudfront.net (CloudFront)'), (b'X-Amz-Cf-Pop', b'EZE50-P7'), (b'X-Amz-Cf-Id', b'6rF-l5ietcZcKChVEv2Yl-18JbsNepIPFmryLLNwkCsm2Kqhr25LqA==')])
2026-03-22 20:13:57,094 - INFO - HTTP Request: GET https://huggingface.co/api/models/Systran/faster-whisper-base/revision/main "HTTP/1.1 200 OK"
2026-03-22 20:13:57,095 - DEBUG - receive_response_body.started request=<Request [b'GET']>
2026-03-22 20:13:57,097 - DEBUG - receive_response_body.complete
2026-03-22 20:13:57,097 - DEBUG - response_closed.started
2026-03-22 20:13:57,097 - DEBUG - response_closed.complete
2026-03-22 20:13:57,134 - DEBUG - send_request_headers.started request=<Request [b'GET']>
2026-03-22 20:13:57,134 - DEBUG - send_request_headers.complete
2026-03-22 20:13:57,135 - DEBUG - send_request_body.started request=<Request [b'GET']>
2026-03-22 20:13:57,135 - DEBUG - send_request_body.complete
2026-03-22 20:13:57,140 - DEBUG - receive_response_headers.started request=<Request [b'GET']>
2026-03-22 20:13:58,119 - DEBUG - receive_response_headers.complete return_value=(b'HTTP/1.1', 200, b'OK', [(b'Content-Type', b'application/json; charset=utf-8'), (b'Transfer-Encoding', b'chunked'), (b'Connection', b'keep-alive'), (b'Date', b'Sun, 22 Mar 2026 23:13:57 GMT'), (b'content-encoding', b'gzip'), (b'ETag', b'W/"7b8-h9JI9aGTNoz2DNPliurF8O/8ybk"'), (b'X-Powered-By', b'huggingface-moon'), (b'X-Request-Id', b'Root=1-69c077b5-7af788fd364046dc7d39d29f;c0c3855d-718e-406b-aa77-6ee6dce630f0'), (b'RateLimit', b'"api";r=498;t=135'), (b'RateLimit-Policy', b'"fixed window";"api";q=500;w=300'), (b'cross-origin-opener-policy', b'same-origin'), (b'Referrer-Policy', b'strict-origin-when-cross-origin'), (b'Access-Control-Max-Age', b'86400'), (b'Access-Control-Allow-Origin', b'https://huggingface.co'), (b'Vary', b'Origin'), (b'vary', b'Accept-Encoding'), (b'Access-Control-Expose-Headers', b'X-Repo-Commit,X-Request-Id,X-Error-Code,X-Error-Message,X-Total-Count,ETag,Link,Accept-Ranges,Content-Range,X-Linked-Size,X-Linked-ETag,X-Xet-Hash'), (b'X-Cache', b'Miss from cloudfront'), (b'Via', b'1.1 d7a2d5a951579cad96e3442a8a8e646e.cloudfront.net (CloudFront)'), (b'X-Amz-Cf-Pop', b'EZE50-P7'), (b'X-Amz-Cf-Id', b'ccoe2Eqx-r9Ff4e1CimOEsZQANJeteGIrU8hKy88KIOFWmeVEGtAOQ==')])
2026-03-22 20:13:58,121 - INFO - HTTP Request: GET https://huggingface.co/api/models/Systran/faster-whisper-base/revision/main "HTTP/1.1 200 OK"
2026-03-22 20:13:58,122 - DEBUG - receive_response_body.started request=<Request [b'GET']>
2026-03-22 20:13:58,123 - DEBUG - receive_response_body.complete
2026-03-22 20:13:58,124 - DEBUG - response_closed.started
2026-03-22 20:13:58,124 - DEBUG - response_closed.complete
2026-03-22 20:13:58,137 - DEBUG - send_request_headers.started request=<Request [b'GET']>
2026-03-22 20:13:58,137 - DEBUG - send_request_headers.complete
2026-03-22 20:13:58,138 - DEBUG - send_request_body.started request=<Request [b'GET']>
2026-03-22 20:13:58,138 - DEBUG - send_request_body.complete
2026-03-22 20:13:58,139 - DEBUG - receive_response_headers.started request=<Request [b'GET']>
2026-03-22 20:13:58,330 - DEBUG - receive_response_headers.complete return_value=(b'HTTP/1.1', 200, b'OK', [(b'Content-Type', b'application/json; charset=utf-8'), (b'Transfer-Encoding', b'chunked'), (b'Connection', b'keep-alive'), (b'Date', b'Sun, 22 Mar 2026 23:13:58 GMT'), (b'Access-Control-Expose-Headers', b'X-Repo-Commit,X-Request-Id,X-Error-Code,X-Error-Message,X-Total-Count,ETag,Link,Accept-Ranges,Content-Range,X-Linked-Size,X-Linked-ETag,X-Xet-Hash'), (b'content-encoding', b'gzip'), (b'X-Powered-By', b'huggingface-moon'), (b'X-Request-Id', b'Root=1-69c077b6-7582e4b71d1639483304fa67;c9503705-0d98-482f-a672-d5ab67857c3d'), (b'RateLimit', b'"api";r=497;t=134'), (b'RateLimit-Policy', b'"fixed window";"api";q=500;w=300'), (b'cross-origin-opener-policy', b'same-origin'), (b'Referrer-Policy', b'strict-origin-when-cross-origin'), (b'Access-Control-Max-Age', b'86400'), (b'Access-Control-Allow-Origin', b'https://huggingface.co'), (b'Vary', b'Origin'), (b'vary', b'accept-encoding'), (b'ETag', b'W/"7b8-h9JI9aGTNoz2DNPliurF8O/8ybk"'), (b'X-Cache', b'Miss from cloudfront'), (b'Via', b'1.1 d7a2d5a951579cad96e3442a8a8e646e.cloudfront.net (CloudFront)'), (b'X-Amz-Cf-Pop', b'EZE50-P7'), (b'X-Amz-Cf-Id', b'NRtw_JnV77OHXVfIyEQF5yyZp168O0AyF7FpHc3_gWGShFetmEZnQg==')])
2026-03-22 20:13:58,332 - INFO - HTTP Request: GET https://huggingface.co/api/models/Systran/faster-whisper-base/revision/main "HTTP/1.1 200 OK"
2026-03-22 20:13:58,333 - DEBUG - receive_response_body.started request=<Request [b'GET']>
2026-03-22 20:13:58,334 - DEBUG - receive_response_body.complete
2026-03-22 20:13:58,334 - DEBUG - response_closed.started
2026-03-22 20:13:58,334 - DEBUG - response_closed.complete
2026-03-22 20:14:53,625 - INFO - Iniciando aplicación...
2026-03-22 20:14:53,646 - INFO - QApplication creado
2026-03-22 20:14:53,682 - INFO - MainWindow creado
2026-03-22 20:14:53,840 - INFO - Ventana mostrada
2026-03-22 20:14:53,841 - INFO - Entrando al event loop
2026-03-22 20:15:47,460 - INFO - start_listening() llamado
2026-03-22 20:15:47,461 - INFO - Cargando modelo Whisper...
2026-03-22 20:15:48,180 - DEBUG - connect_tcp.started host='huggingface.co' port=443 local_address=None timeout=None socket_options=None
2026-03-22 20:15:48,295 - DEBUG - connect_tcp.complete return_value=<httpcore._backends.sync.SyncStream object at 0x00000283BE9838C0>
2026-03-22 20:15:48,296 - DEBUG - start_tls.started ssl_context=<ssl.SSLContext object at 0x00000283BE99D9A0> server_hostname='huggingface.co' timeout=None
2026-03-22 20:15:48,334 - DEBUG - start_tls.complete return_value=<httpcore._backends.sync.SyncStream object at 0x00000283BE943250>
2026-03-22 20:15:48,335 - DEBUG - send_request_headers.started request=<Request [b'GET']>
2026-03-22 20:15:48,335 - DEBUG - send_request_headers.complete
2026-03-22 20:15:48,336 - DEBUG - send_request_body.started request=<Request [b'GET']>
2026-03-22 20:15:48,336 - DEBUG - send_request_body.complete
2026-03-22 20:15:48,337 - DEBUG - receive_response_headers.started request=<Request [b'GET']>
2026-03-22 20:15:48,527 - DEBUG - receive_response_headers.complete return_value=(b'HTTP/1.1', 200, b'OK', [(b'Content-Type', b'application/json; charset=utf-8'), (b'Transfer-Encoding', b'chunked'), (b'Connection', b'keep-alive'), (b'Date', b'Sun, 22 Mar 2026 23:15:48 GMT'), (b'Access-Control-Expose-Headers', b'X-Repo-Commit,X-Request-Id,X-Error-Code,X-Error-Message,X-Total-Count,ETag,Link,Accept-Ranges,Content-Range,X-Linked-Size,X-Linked-ETag,X-Xet-Hash'), (b'content-encoding', b'gzip'), (b'X-Powered-By', b'huggingface-moon'), (b'X-Request-Id', b'Root=1-69c07824-0bd50eff1ca689877eb7fb44;d4d5cf78-8fb7-43c4-bc35-ae1c92dd55bc'), (b'RateLimit', b'"api";r=499;t=204'), (b'RateLimit-Policy', b'"fixed window";"api";q=500;w=300'), (b'cross-origin-opener-policy', b'same-origin'), (b'Referrer-Policy', b'strict-origin-when-cross-origin'), (b'Access-Control-Max-Age', b'86400'), (b'Access-Control-Allow-Origin', b'https://huggingface.co'), (b'Vary', b'Origin'), (b'vary', b'accept-encoding'), (b'ETag', b'W/"7b8-h9JI9aGTNoz2DNPliurF8O/8ybk"'), (b'X-Cache', b'Miss from cloudfront'), (b'Via', b'1.1 9136b143cdd61169ea2ceae053aa744c.cloudfront.net (CloudFront)'), (b'X-Amz-Cf-Pop', b'EZE50-P7'), (b'X-Amz-Cf-Id', b'P3W5m4E4YvgJ3Sg45_cm9FdIqx3EgHeaSzUvUKSGSPDHE-wYZ2Moxw==')])
2026-03-22 20:15:48,530 - INFO - HTTP Request: GET https://huggingface.co/api/models/Systran/faster-whisper-base/revision/main "HTTP/1.1 200 OK"
2026-03-22 20:15:48,531 - DEBUG - receive_response_body.started request=<Request [b'GET']>
2026-03-22 20:15:48,532 - DEBUG - receive_response_body.complete
2026-03-22 20:15:48,535 - DEBUG - response_closed.started
2026-03-22 20:15:48,536 - DEBUG - response_closed.complete
2026-03-22 20:15:48,567 - DEBUG - send_request_headers.started request=<Request [b'GET']>
2026-03-22 20:15:48,567 - DEBUG - send_request_headers.complete
2026-03-22 20:15:48,568 - DEBUG - send_request_body.started request=<Request [b'GET']>
2026-03-22 20:15:48,568 - DEBUG - send_request_body.complete
2026-03-22 20:15:48,568 - DEBUG - receive_response_headers.started request=<Request [b'GET']>
2026-03-22 20:15:48,761 - DEBUG - receive_response_headers.complete return_value=(b'HTTP/1.1', 200, b'OK', [(b'Content-Type', b'application/json; charset=utf-8'), (b'Transfer-Encoding', b'chunked'), (b'Connection', b'keep-alive'), (b'Date', b'Sun, 22 Mar 2026 23:15:48 GMT'), (b'Access-Control-Expose-Headers', b'X-Repo-Commit,X-Request-Id,X-Error-Code,X-Error-Message,X-Total-Count,ETag,Link,Accept-Ranges,Content-Range,X-Linked-Size,X-Linked-ETag,X-Xet-Hash'), (b'content-encoding', b'gzip'), (b'X-Powered-By', b'huggingface-moon'), (b'X-Request-Id', b'Root=1-69c07824-2a8b750e155a9fe37e79987e;a6fa08be-e6de-410a-8420-575360d66813'), (b'RateLimit', b'"api";r=498;t=204'), (b'RateLimit-Policy', b'"fixed window";"api";q=500;w=300'), (b'cross-origin-opener-policy', b'same-origin'), (b'Referrer-Policy', b'strict-origin-when-cross-origin'), (b'Access-Control-Max-Age', b'86400'), (b'Access-Control-Allow-Origin', b'https://huggingface.co'), (b'Vary', b'Origin'), (b'vary', b'accept-encoding'), (b'ETag', b'W/"7b8-h9JI9aGTNoz2DNPliurF8O/8ybk"'), (b'X-Cache', b'Miss from cloudfront'), (b'Via', b'1.1 9136b143cdd61169ea2ceae053aa744c.cloudfront.net (CloudFront)'), (b'X-Amz-Cf-Pop', b'EZE50-P7'), (b'X-Amz-Cf-Id', b'c-Jarsb2RuVdCLjMFFWPoqw_053iCu0ezRqEQnvFKB0zFa_xD7s1WA==')])
2026-03-22 20:15:48,765 - INFO - HTTP Request: GET https://huggingface.co/api/models/Systran/faster-whisper-base/revision/main "HTTP/1.1 200 OK"
2026-03-22 20:15:48,767 - DEBUG - receive_response_body.started request=<Request [b'GET']>
2026-03-22 20:15:48,767 - DEBUG - receive_response_body.complete
2026-03-22 20:15:48,768 - DEBUG - response_closed.started
2026-03-22 20:15:48,768 - DEBUG - response_closed.complete
2026-03-22 20:15:48,774 - DEBUG - send_request_headers.started request=<Request [b'GET']>
2026-03-22 20:15:48,774 - DEBUG - send_request_headers.complete
2026-03-22 20:15:48,775 - DEBUG - send_request_body.started request=<Request [b'GET']>
2026-03-22 20:15:48,775 - DEBUG - send_request_body.complete
2026-03-22 20:15:48,775 - DEBUG - receive_response_headers.started request=<Request [b'GET']>
2026-03-22 20:15:48,960 - DEBUG - receive_response_headers.complete return_value=(b'HTTP/1.1', 200, b'OK', [(b'Content-Type', b'application/json; charset=utf-8'), (b'Transfer-Encoding', b'chunked'), (b'Connection', b'keep-alive'), (b'Date', b'Sun, 22 Mar 2026 23:15:48 GMT'), (b'Access-Control-Expose-Headers', b'X-Repo-Commit,X-Request-Id,X-Error-Code,X-Error-Message,X-Total-Count,ETag,Link,Accept-Ranges,Content-Range,X-Linked-Size,X-Linked-ETag,X-Xet-Hash'), (b'content-encoding', b'gzip'), (b'X-Powered-By', b'huggingface-moon'), (b'X-Request-Id', b'Root=1-69c07824-3c3b7d3c3b15aee237d6bee8;43811bba-ac81-4e58-8d56-b0f8358d19a2'), (b'RateLimit', b'"api";r=497;t=204'), (b'RateLimit-Policy', b'"fixed window";"api";q=500;w=300'), (b'cross-origin-opener-policy', b'same-origin'), (b'Referrer-Policy', b'strict-origin-when-cross-origin'), (b'Access-Control-Max-Age', b'86400'), (b'Access-Control-Allow-Origin', b'https://huggingface.co'), (b'Vary', b'Origin'), (b'vary', b'accept-encoding'), (b'ETag', b'W/"7b8-h9JI9aGTNoz2DNPliurF8O/8ybk"'), (b'X-Cache', b'Miss from cloudfront'), (b'Via', b'1.1 9136b143cdd61169ea2ceae053aa744c.cloudfront.net (CloudFront)'), (b'X-Amz-Cf-Pop', b'EZE50-P7'), (b'X-Amz-Cf-Id', b'nZbJHIFoG38UAlOcFwqDXacin7IF-JowfB_EDj75esp8bi4OzgA27Q==')])
2026-03-22 20:15:48,962 - INFO - HTTP Request: GET https://huggingface.co/api/models/Systran/faster-whisper-base/revision/main "HTTP/1.1 200 OK"
2026-03-22 20:15:48,962 - DEBUG - receive_response_body.started request=<Request [b'GET']>
2026-03-22 20:15:48,964 - DEBUG - receive_response_body.complete
2026-03-22 20:15:48,965 - DEBUG - response_closed.started
2026-03-22 20:15:48,966 - DEBUG - response_closed.complete
2026-03-22 20:16:19,528 - DEBUG - connect_tcp.started host='huggingface.co' port=443 local_address=None timeout=None socket_options=None
2026-03-22 20:16:19,570 - DEBUG - connect_tcp.complete return_value=<httpcore._backends.sync.SyncStream object at 0x0000023462848050>
2026-03-22 20:16:19,572 - DEBUG - start_tls.started ssl_context=<ssl.SSLContext object at 0x00000234627859A0> server_hostname='huggingface.co' timeout=None
2026-03-22 20:16:19,608 - DEBUG - start_tls.complete return_value=<httpcore._backends.sync.SyncStream object at 0x00000234626B7C50>
2026-03-22 20:16:19,609 - DEBUG - send_request_headers.started request=<Request [b'GET']>
2026-03-22 20:16:19,609 - DEBUG - send_request_headers.complete
2026-03-22 20:16:19,610 - DEBUG - send_request_body.started request=<Request [b'GET']>
2026-03-22 20:16:19,610 - DEBUG - send_request_body.complete
2026-03-22 20:16:19,610 - DEBUG - receive_response_headers.started request=<Request [b'GET']>
2026-03-22 20:16:19,819 - DEBUG - receive_response_headers.complete return_value=(b'HTTP/1.1', 200, b'OK', [(b'Content-Type', b'application/json; charset=utf-8'), (b'Transfer-Encoding', b'chunked'), (b'Connection', b'keep-alive'), (b'Date', b'Sun, 22 Mar 2026 23:16:19 GMT'), (b'Access-Control-Expose-Headers', b'X-Repo-Commit,X-Request-Id,X-Error-Code,X-Error-Message,X-Total-Count,ETag,Link,Accept-Ranges,Content-Range,X-Linked-Size,X-Linked-ETag,X-Xet-Hash'), (b'content-encoding', b'gzip'), (b'X-Powered-By', b'huggingface-moon'), (b'X-Request-Id', b'Root=1-69c07843-31473d875e585f6d3070e707;bcf21cfd-b53f-421c-97c7-42686dadb3c4'), (b'RateLimit', b'"api";r=496;t=173'), (b'RateLimit-Policy', b'"fixed window";"api";q=500;w=300'), (b'cross-origin-opener-policy', b'same-origin'), (b'Referrer-Policy', b'strict-origin-when-cross-origin'), (b'Access-Control-Max-Age', b'86400'), (b'Access-Control-Allow-Origin', b'https://huggingface.co'), (b'Vary', b'Origin'), (b'vary', b'accept-encoding'), (b'ETag', b'W/"7b8-h9JI9aGTNoz2DNPliurF8O/8ybk"'), (b'X-Cache', b'Miss from cloudfront'), (b'Via', b'1.1 66a153a0c0601ad055d2c4919c759b4e.cloudfront.net (CloudFront)'), (b'X-Amz-Cf-Pop', b'EZE50-P7'), (b'X-Amz-Cf-Id', b'ocDdaHGVEzdHesnNoVWPpSTG28nummHCIuW4jmvUQgp9CPfKT91v_g==')])
2026-03-22 20:16:19,822 - INFO - HTTP Request: GET https://huggingface.co/api/models/Systran/faster-whisper-base/revision/main "HTTP/1.1 200 OK"
2026-03-22 20:16:19,823 - DEBUG - receive_response_body.started request=<Request [b'GET']>
2026-03-22 20:16:19,824 - DEBUG - receive_response_body.complete
2026-03-22 20:16:19,825 - DEBUG - response_closed.started
2026-03-22 20:16:19,826 - DEBUG - response_closed.complete
2026-03-22 20:16:19,866 - DEBUG - send_request_headers.started request=<Request [b'GET']>
2026-03-22 20:16:19,867 - DEBUG - send_request_headers.complete
2026-03-22 20:16:19,868 - DEBUG - send_request_body.started request=<Request [b'GET']>
2026-03-22 20:16:19,868 - DEBUG - send_request_body.complete
2026-03-22 20:16:19,868 - DEBUG - receive_response_headers.started request=<Request [b'GET']>
2026-03-22 20:16:20,063 - DEBUG - receive_response_headers.complete return_value=(b'HTTP/1.1', 200, b'OK', [(b'Content-Type', b'application/json; charset=utf-8'), (b'Transfer-Encoding', b'chunked'), (b'Connection', b'keep-alive'), (b'Date', b'Sun, 22 Mar 2026 23:16:19 GMT'), (b'Access-Control-Expose-Headers', b'X-Repo-Commit,X-Request-Id,X-Error-Code,X-Error-Message,X-Total-Count,ETag,Link,Accept-Ranges,Content-Range,X-Linked-Size,X-Linked-ETag,X-Xet-Hash'), (b'content-encoding', b'gzip'), (b'X-Powered-By', b'huggingface-moon'), (b'X-Request-Id', b'Root=1-69c07843-4a4d5ca425cc9221075bcff9;b467e339-0cf3-4731-b724-2412db06feb2'), (b'RateLimit', b'"api";r=495;t=173'), (b'RateLimit-Policy', b'"fixed window";"api";q=500;w=300'), (b'cross-origin-opener-policy', b'same-origin'), (b'Referrer-Policy', b'strict-origin-when-cross-origin'), (b'Access-Control-Max-Age', b'86400'), (b'Access-Control-Allow-Origin', b'https://huggingface.co'), (b'Vary', b'Origin'), (b'vary', b'accept-encoding'), (b'ETag', b'W/"7b8-h9JI9aGTNoz2DNPliurF8O/8ybk"'), (b'X-Cache', b'Miss from cloudfront'), (b'Via', b'1.1 66a153a0c0601ad055d2c4919c759b4e.cloudfront.net (CloudFront)'), (b'X-Amz-Cf-Pop', b'EZE50-P7'), (b'X-Amz-Cf-Id', b'0nj8seEKSgJugkKQ8Lfe5Grc6i2rHrOx__LOn-DxLgYYTXOMPRscYQ==')])
2026-03-22 20:16:20,064 - INFO - HTTP Request: GET https://huggingface.co/api/models/Systran/faster-whisper-base/revision/main "HTTP/1.1 200 OK"
2026-03-22 20:16:20,065 - DEBUG - receive_response_body.started request=<Request [b'GET']>
2026-03-22 20:16:20,065 - DEBUG - receive_response_body.complete
2026-03-22 20:16:20,066 - DEBUG - response_closed.started
2026-03-22 20:16:20,067 - DEBUG - response_closed.complete
2026-03-22 20:16:20,074 - DEBUG - send_request_headers.started request=<Request [b'GET']>
2026-03-22 20:16:20,074 - DEBUG - send_request_headers.complete
2026-03-22 20:16:20,075 - DEBUG - send_request_body.started request=<Request [b'GET']>
2026-03-22 20:16:20,075 - DEBUG - send_request_body.complete
2026-03-22 20:16:20,075 - DEBUG - receive_response_headers.started request=<Request [b'GET']>
2026-03-22 20:16:20,262 - DEBUG - receive_response_headers.complete return_value=(b'HTTP/1.1', 200, b'OK', [(b'Content-Type', b'application/json; charset=utf-8'), (b'Transfer-Encoding', b'chunked'), (b'Connection', b'keep-alive'), (b'Date', b'Sun, 22 Mar 2026 23:16:20 GMT'), (b'Access-Control-Expose-Headers', b'X-Repo-Commit,X-Request-Id,X-Error-Code,X-Error-Message,X-Total-Count,ETag,Link,Accept-Ranges,Content-Range,X-Linked-Size,X-Linked-ETag,X-Xet-Hash'), (b'content-encoding', b'gzip'), (b'X-Powered-By', b'huggingface-moon'), (b'X-Request-Id', b'Root=1-69c07844-19bcd0d075f5d9f4594518e3;49a5bae3-df4c-4af3-8a0f-0e3bf66ce0c7'), (b'RateLimit', b'"api";r=494;t=172'), (b'RateLimit-Policy', b'"fixed window";"api";q=500;w=300'), (b'cross-origin-opener-policy', b'same-origin'), (b'Referrer-Policy', b'strict-origin-when-cross-origin'), (b'Access-Control-Max-Age', b'86400'), (b'Access-Control-Allow-Origin', b'https://huggingface.co'), (b'Vary', b'Origin'), (b'vary', b'accept-encoding'), (b'ETag', b'W/"7b8-h9JI9aGTNoz2DNPliurF8O/8ybk"'), (b'X-Cache', b'Miss from cloudfront'), (b'Via', b'1.1 66a153a0c0601ad055d2c4919c759b4e.cloudfront.net (CloudFront)'), (b'X-Amz-Cf-Pop', b'EZE50-P7'), (b'X-Amz-Cf-Id', b'UICQBl8e0iu4suBzKoeruNkcvejXEHHzYWizU17Q3j3kl4Pfh5CX7Q==')])
2026-03-22 20:16:20,263 - INFO - HTTP Request: GET https://huggingface.co/api/models/Systran/faster-whisper-base/revision/main "HTTP/1.1 200 OK"
2026-03-22 20:16:20,264 - DEBUG - receive_response_body.started request=<Request [b'GET']>
2026-03-22 20:16:20,265 - DEBUG - receive_response_body.complete
2026-03-22 20:16:20,266 - DEBUG - response_closed.started
2026-03-22 20:16:20,266 - DEBUG - response_closed.complete
2026-03-22 20:17:06,942 - INFO - Iniciando aplicación...
2026-03-22 20:17:06,962 - INFO - QApplication creado
2026-03-22 20:17:06,993 - INFO - MainWindow creado
2026-03-22 20:17:07,142 - INFO - Ventana mostrada
2026-03-22 20:17:07,143 - INFO - Entrando al event loop
2026-03-22 20:17:43,653 - INFO - Iniciando aplicación...
2026-03-22 20:17:43,676 - INFO - QApplication creado
2026-03-22 20:17:43,709 - INFO - MainWindow creado
2026-03-22 20:17:43,864 - INFO - Ventana mostrada
2026-03-22 20:17:43,864 - INFO - Entrando al event loop
2026-03-22 20:18:13,976 - INFO - Iniciando aplicación...
2026-03-22 20:18:14,000 - INFO - QApplication creado
2026-03-22 20:18:14,030 - INFO - MainWindow creado
2026-03-22 20:18:14,210 - INFO - Ventana mostrada
2026-03-22 20:18:14,210 - INFO - Entrando al event loop
2026-03-22 20:18:16,030 - INFO - Iniciando prueba automática de audio...
2026-03-22 20:18:16,033 - INFO - start_listening() llamado
2026-03-22 20:18:16,034 - INFO - Cargando modelo Whisper...
2026-03-22 20:18:16,798 - DEBUG - connect_tcp.started host='huggingface.co' port=443 local_address=None timeout=None socket_options=None
2026-03-22 20:18:16,864 - DEBUG - connect_tcp.complete return_value=<httpcore._backends.sync.SyncStream object at 0x000001FCAECB38C0>
2026-03-22 20:18:16,865 - DEBUG - start_tls.started ssl_context=<ssl.SSLContext object at 0x000001FCAECCDAC0> server_hostname='huggingface.co' timeout=None
2026-03-22 20:18:16,900 - DEBUG - start_tls.complete return_value=<httpcore._backends.sync.SyncStream object at 0x000001FCAEC77390>
2026-03-22 20:18:16,900 - DEBUG - send_request_headers.started request=<Request [b'GET']>
2026-03-22 20:18:16,901 - DEBUG - send_request_headers.complete
2026-03-22 20:18:16,901 - DEBUG - send_request_body.started request=<Request [b'GET']>
2026-03-22 20:18:16,902 - DEBUG - send_request_body.complete
2026-03-22 20:18:16,902 - DEBUG - receive_response_headers.started request=<Request [b'GET']>
2026-03-22 20:18:17,097 - DEBUG - receive_response_headers.complete return_value=(b'HTTP/1.1', 200, b'OK', [(b'Content-Type', b'application/json; charset=utf-8'), (b'Transfer-Encoding', b'chunked'), (b'Connection', b'keep-alive'), (b'Date', b'Sun, 22 Mar 2026 23:18:16 GMT'), (b'content-encoding', b'gzip'), (b'ETag', b'W/"7b8-h9JI9aGTNoz2DNPliurF8O/8ybk"'), (b'X-Powered-By', b'huggingface-moon'), (b'X-Request-Id', b'Root=1-69c078b8-4a8b70a80efd05364fa48c58;2909405b-a57a-4e67-8d3b-ed82bce63778'), (b'RateLimit', b'"api";r=499;t=176'), (b'RateLimit-Policy', b'"fixed window";"api";q=500;w=300'), (b'cross-origin-opener-policy', b'same-origin'), (b'Referrer-Policy', b'strict-origin-when-cross-origin'), (b'Access-Control-Max-Age', b'86400'), (b'Access-Control-Allow-Origin', b'https://huggingface.co'), (b'Vary', b'Origin'), (b'vary', b'Accept-Encoding'), (b'Access-Control-Expose-Headers', b'X-Repo-Commit,X-Request-Id,X-Error-Code,X-Error-Message,X-Total-Count,ETag,Link,Accept-Ranges,Content-Range,X-Linked-Size,X-Linked-ETag,X-Xet-Hash'), (b'X-Cache', b'Miss from cloudfront'), (b'Via', b'1.1 da2e32552edb76d8e299a4559143a240.cloudfront.net (CloudFront)'), (b'X-Amz-Cf-Pop', b'EZE50-P7'), (b'X-Amz-Cf-Id', b'7ZkqGVn3jdbSCko5kYpkaciJiEWzMuBSaI134LZT7YxbsIU5N_ALqw==')])
2026-03-22 20:18:17,099 - INFO - HTTP Request: GET https://huggingface.co/api/models/Systran/faster-whisper-base/revision/main "HTTP/1.1 200 OK"
2026-03-22 20:18:17,100 - DEBUG - receive_response_body.started request=<Request [b'GET']>
2026-03-22 20:18:17,101 - DEBUG - receive_response_body.complete
2026-03-22 20:18:17,102 - DEBUG - response_closed.started
2026-03-22 20:18:17,102 - DEBUG - response_closed.complete
2026-03-22 20:18:17,141 - DEBUG - send_request_headers.started request=<Request [b'GET']>
2026-03-22 20:18:17,142 - DEBUG - send_request_headers.complete
2026-03-22 20:18:17,142 - DEBUG - send_request_body.started request=<Request [b'GET']>
2026-03-22 20:18:17,143 - DEBUG - send_request_body.complete
2026-03-22 20:18:17,143 - DEBUG - receive_response_headers.started request=<Request [b'GET']>
2026-03-22 20:18:17,333 - DEBUG - receive_response_headers.complete return_value=(b'HTTP/1.1', 200, b'OK', [(b'Content-Type', b'application/json; charset=utf-8'), (b'Transfer-Encoding', b'chunked'), (b'Connection', b'keep-alive'), (b'Date', b'Sun, 22 Mar 2026 23:18:17 GMT'), (b'Access-Control-Expose-Headers', b'X-Repo-Commit,X-Request-Id,X-Error-Code,X-Error-Message,X-Total-Count,ETag,Link,Accept-Ranges,Content-Range,X-Linked-Size,X-Linked-ETag,X-Xet-Hash'), (b'content-encoding', b'gzip'), (b'X-Powered-By', b'huggingface-moon'), (b'X-Request-Id', b'Root=1-69c078b9-5daabd2978c86de42706d0ad;34f4076d-81a5-4972-a1d8-4f907d09998d'), (b'RateLimit', b'"api";r=498;t=175'), (b'RateLimit-Policy', b'"fixed window";"api";q=500;w=300'), (b'cross-origin-opener-policy', b'same-origin'), (b'Referrer-Policy', b'strict-origin-when-cross-origin'), (b'Access-Control-Max-Age', b'86400'), (b'Access-Control-Allow-Origin', b'https://huggingface.co'), (b'Vary', b'Origin'), (b'vary', b'accept-encoding'), (b'ETag', b'W/"7b8-h9JI9aGTNoz2DNPliurF8O/8ybk"'), (b'X-Cache', b'Miss from cloudfront'), (b'Via', b'1.1 da2e32552edb76d8e299a4559143a240.cloudfront.net (CloudFront)'), (b'X-Amz-Cf-Pop', b'EZE50-P7'), (b'X-Amz-Cf-Id', b'vNl70RAPRcNRHSCtIosPWO9G-XzdJx8yUWswnkwHSBK3f8drryghdg==')])
2026-03-22 20:18:17,335 - INFO - HTTP Request: GET https://huggingface.co/api/models/Systran/faster-whisper-base/revision/main "HTTP/1.1 200 OK"
2026-03-22 20:18:17,336 - DEBUG - receive_response_body.started request=<Request [b'GET']>
2026-03-22 20:18:17,337 - DEBUG - receive_response_body.complete
2026-03-22 20:18:17,338 - DEBUG - response_closed.started
2026-03-22 20:18:17,338 - DEBUG - response_closed.complete
2026-03-22 20:18:17,350 - DEBUG - send_request_headers.started request=<Request [b'GET']>
2026-03-22 20:18:17,351 - DEBUG - send_request_headers.complete
2026-03-22 20:18:17,351 - DEBUG - send_request_body.started request=<Request [b'GET']>
2026-03-22 20:18:17,352 - DEBUG - send_request_body.complete
2026-03-22 20:18:17,353 - DEBUG - receive_response_headers.started request=<Request [b'GET']>
2026-03-22 20:18:17,544 - DEBUG - receive_response_headers.complete return_value=(b'HTTP/1.1', 200, b'OK', [(b'Content-Type', b'application/json; charset=utf-8'), (b'Transfer-Encoding', b'chunked'), (b'Connection', b'keep-alive'), (b'Date', b'Sun, 22 Mar 2026 23:18:17 GMT'), (b'content-encoding', b'gzip'), (b'ETag', b'W/"7b8-h9JI9aGTNoz2DNPliurF8O/8ybk"'), (b'X-Powered-By', b'huggingface-moon'), (b'X-Request-Id', b'Root=1-69c078b9-540886335a94e1e63f582007;5ca39381-ff38-45be-8ab4-84747686d5c9'), (b'RateLimit', b'"api";r=497;t=175'), (b'RateLimit-Policy', b'"fixed window";"api";q=500;w=300'), (b'cross-origin-opener-policy', b'same-origin'), (b'Referrer-Policy', b'strict-origin-when-cross-origin'), (b'Access-Control-Max-Age', b'86400'), (b'Access-Control-Allow-Origin', b'https://huggingface.co'), (b'Vary', b'Origin'), (b'vary', b'Accept-Encoding'), (b'Access-Control-Expose-Headers', b'X-Repo-Commit,X-Request-Id,X-Error-Code,X-Error-Message,X-Total-Count,ETag,Link,Accept-Ranges,Content-Range,X-Linked-Size,X-Linked-ETag,X-Xet-Hash'), (b'X-Cache', b'Miss from cloudfront'), (b'Via', b'1.1 da2e32552edb76d8e299a4559143a240.cloudfront.net (CloudFront)'), (b'X-Amz-Cf-Pop', b'EZE50-P7'), (b'X-Amz-Cf-Id', b'gY5SiG0QLxeNDF1UV89U9hQUxPLT55NMPxpHlr6l5csX6H3N9nVeZw==')])
2026-03-22 20:18:17,546 - INFO - HTTP Request: GET https://huggingface.co/api/models/Systran/faster-whisper-base/revision/main "HTTP/1.1 200 OK"
2026-03-22 20:18:17,548 - DEBUG - receive_response_body.started request=<Request [b'GET']>
2026-03-22 20:18:17,549 - DEBUG - receive_response_body.complete
2026-03-22 20:18:17,550 - DEBUG - response_closed.started
2026-03-22 20:18:17,551 - DEBUG - response_closed.complete
2026-03-22 20:19:16,581 - INFO - Iniciando aplicación...
2026-03-22 20:19:16,603 - INFO - QApplication creado
2026-03-22 20:19:16,633 - INFO - MainWindow creado
2026-03-22 20:19:16,782 - INFO - Ventana mostrada
2026-03-22 20:19:16,783 - INFO - Entrando al event loop
2026-03-22 20:19:18,633 - INFO - Iniciando prueba automática de audio...
2026-03-22 20:19:18,634 - INFO - start_listening() llamado
2026-03-22 20:19:18,634 - INFO - Cargando modelo Whisper...
2026-03-22 20:19:19,363 - DEBUG - connect_tcp.started host='huggingface.co' port=443 local_address=None timeout=None socket_options=None
2026-03-22 20:19:19,480 - DEBUG - connect_tcp.complete return_value=<httpcore._backends.sync.SyncStream object at 0x0000022C63A33A10>
2026-03-22 20:19:19,481 - DEBUG - start_tls.started ssl_context=<ssl.SSLContext object at 0x0000022C63A51A30> server_hostname='huggingface.co' timeout=None
2026-03-22 20:19:19,533 - DEBUG - start_tls.complete return_value=<httpcore._backends.sync.SyncStream object at 0x0000022C639F7390>
2026-03-22 20:19:19,533 - DEBUG - send_request_headers.started request=<Request [b'GET']>
2026-03-22 20:19:19,534 - DEBUG - send_request_headers.complete
2026-03-22 20:19:19,534 - DEBUG - send_request_body.started request=<Request [b'GET']>
2026-03-22 20:19:19,534 - DEBUG - send_request_body.complete
2026-03-22 20:19:19,535 - DEBUG - receive_response_headers.started request=<Request [b'GET']>
2026-03-22 20:19:19,731 - DEBUG - receive_response_headers.complete return_value=(b'HTTP/1.1', 200, b'OK', [(b'Content-Type', b'application/json; charset=utf-8'), (b'Transfer-Encoding', b'chunked'), (b'Connection', b'keep-alive'), (b'Date', b'Sun, 22 Mar 2026 23:19:19 GMT'), (b'Access-Control-Expose-Headers', b'X-Repo-Commit,X-Request-Id,X-Error-Code,X-Error-Message,X-Total-Count,ETag,Link,Accept-Ranges,Content-Range,X-Linked-Size,X-Linked-ETag,X-Xet-Hash'), (b'content-encoding', b'gzip'), (b'X-Powered-By', b'huggingface-moon'), (b'X-Request-Id', b'Root=1-69c078f7-3accfa7a0b723d7a2dc58e5b;3fa8df53-84ba-495e-8566-a7090246ebc2'), (b'RateLimit', b'"api";r=496;t=113'), (b'RateLimit-Policy', b'"fixed window";"api";q=500;w=300'), (b'cross-origin-opener-policy', b'same-origin'), (b'Referrer-Policy', b'strict-origin-when-cross-origin'), (b'Access-Control-Max-Age', b'86400'), (b'Access-Control-Allow-Origin', b'https://huggingface.co'), (b'Vary', b'Origin'), (b'vary', b'accept-encoding'), (b'ETag', b'W/"7b8-h9JI9aGTNoz2DNPliurF8O/8ybk"'), (b'X-Cache', b'Miss from cloudfront'), (b'Via', b'1.1 eed7bd53ac21bb2ec20f7056a2f8ebfa.cloudfront.net (CloudFront)'), (b'X-Amz-Cf-Pop', b'EZE50-P7'), (b'X-Amz-Cf-Id', b'ew2hL1a-JVvstyPPiXmpL_oOyIsyw2rqqnZGQNUoDexvOls48SinrA==')])
2026-03-22 20:19:19,733 - INFO - HTTP Request: GET https://huggingface.co/api/models/Systran/faster-whisper-base/revision/main "HTTP/1.1 200 OK"
2026-03-22 20:19:19,734 - DEBUG - receive_response_body.started request=<Request [b'GET']>
2026-03-22 20:19:19,735 - DEBUG - receive_response_body.complete
2026-03-22 20:19:19,736 - DEBUG - response_closed.started
2026-03-22 20:19:19,736 - DEBUG - response_closed.complete
2026-03-22 20:19:19,773 - DEBUG - send_request_headers.started request=<Request [b'GET']>
2026-03-22 20:19:19,774 - DEBUG - send_request_headers.complete
2026-03-22 20:19:19,774 - DEBUG - send_request_body.started request=<Request [b'GET']>
2026-03-22 20:19:19,774 - DEBUG - send_request_body.complete
2026-03-22 20:19:19,774 - DEBUG - receive_response_headers.started request=<Request [b'GET']>
2026-03-22 20:19:19,965 - DEBUG - receive_response_headers.complete return_value=(b'HTTP/1.1', 200, b'OK', [(b'Content-Type', b'application/json; charset=utf-8'), (b'Transfer-Encoding', b'chunked'), (b'Connection', b'keep-alive'), (b'Date', b'Sun, 22 Mar 2026 23:19:19 GMT'), (b'Access-Control-Expose-Headers', b'X-Repo-Commit,X-Request-Id,X-Error-Code,X-Error-Message,X-Total-Count,ETag,Link,Accept-Ranges,Content-Range,X-Linked-Size,X-Linked-ETag,X-Xet-Hash'), (b'content-encoding', b'gzip'), (b'X-Powered-By', b'huggingface-moon'), (b'X-Request-Id', b'Root=1-69c078f7-12cf87a123c7d60552839422;c3700594-fe98-4fd3-ac21-ebddd69a348f'), (b'RateLimit', b'"api";r=495;t=113'), (b'RateLimit-Policy', b'"fixed window";"api";q=500;w=300'), (b'cross-origin-opener-policy', b'same-origin'), (b'Referrer-Policy', b'strict-origin-when-cross-origin'), (b'Access-Control-Max-Age', b'86400'), (b'Access-Control-Allow-Origin', b'https://huggingface.co'), (b'Vary', b'Origin'), (b'vary', b'accept-encoding'), (b'ETag', b'W/"7b8-h9JI9aGTNoz2DNPliurF8O/8ybk"'), (b'X-Cache', b'Miss from cloudfront'), (b'Via', b'1.1 eed7bd53ac21bb2ec20f7056a2f8ebfa.cloudfront.net (CloudFront)'), (b'X-Amz-Cf-Pop', b'EZE50-P7'), (b'X-Amz-Cf-Id', b'cbkBwy0TZbJNU7gQBtafv9jFQouKr1vnuiJ4BnbCGt47MQyQ6H7Brg==')])
2026-03-22 20:19:19,967 - INFO - HTTP Request: GET https://huggingface.co/api/models/Systran/faster-whisper-base/revision/main "HTTP/1.1 200 OK"
2026-03-22 20:19:19,968 - DEBUG - receive_response_body.started request=<Request [b'GET']>
2026-03-22 20:19:19,968 - DEBUG - receive_response_body.complete
2026-03-22 20:19:19,969 - DEBUG - response_closed.started
2026-03-22 20:19:19,969 - DEBUG - response_closed.complete
2026-03-22 20:19:19,975 - DEBUG - send_request_headers.started request=<Request [b'GET']>
2026-03-22 20:19:19,975 - DEBUG - send_request_headers.complete
2026-03-22 20:19:19,975 - DEBUG - send_request_body.started request=<Request [b'GET']>
2026-03-22 20:19:19,975 - DEBUG - send_request_body.complete
2026-03-22 20:19:19,976 - DEBUG - receive_response_headers.started request=<Request [b'GET']>
2026-03-22 20:19:20,171 - DEBUG - receive_response_headers.complete return_value=(b'HTTP/1.1', 200, b'OK', [(b'Content-Type', b'application/json; charset=utf-8'), (b'Transfer-Encoding', b'chunked'), (b'Connection', b'keep-alive'), (b'Date', b'Sun, 22 Mar 2026 23:19:19 GMT'), (b'content-encoding', b'gzip'), (b'ETag', b'W/"7b8-h9JI9aGTNoz2DNPliurF8O/8ybk"'), (b'X-Powered-By', b'huggingface-moon'), (b'X-Request-Id', b'Root=1-69c078f7-2a17ad3334e4e96f118913f1;1fdb7e7d-05de-44ae-adf2-61e8c9d943e4'), (b'RateLimit', b'"api";r=494;t=113'), (b'RateLimit-Policy', b'"fixed window";"api";q=500;w=300'), (b'cross-origin-opener-policy', b'same-origin'), (b'Referrer-Policy', b'strict-origin-when-cross-origin'), (b'Access-Control-Max-Age', b'86400'), (b'Access-Control-Allow-Origin', b'https://huggingface.co'), (b'Vary', b'Origin'), (b'vary', b'Accept-Encoding'), (b'Access-Control-Expose-Headers', b'X-Repo-Commit,X-Request-Id,X-Error-Code,X-Error-Message,X-Total-Count,ETag,Link,Accept-Ranges,Content-Range,X-Linked-Size,X-Linked-ETag,X-Xet-Hash'), (b'X-Cache', b'Miss from cloudfront'), (b'Via', b'1.1 eed7bd53ac21bb2ec20f7056a2f8ebfa.cloudfront.net (CloudFront)'), (b'X-Amz-Cf-Pop', b'EZE50-P7'), (b'X-Amz-Cf-Id', b'tBBp_PMTCAoWr1F7MBsyq91OMRmADza8r0sXha2eb3KTr8nPEgHcwg==')])
2026-03-22 20:19:20,173 - INFO - HTTP Request: GET https://huggingface.co/api/models/Systran/faster-whisper-base/revision/main "HTTP/1.1 200 OK"
2026-03-22 20:19:20,174 - DEBUG - receive_response_body.started request=<Request [b'GET']>
2026-03-22 20:19:20,176 - DEBUG - receive_response_body.complete
2026-03-22 20:19:20,177 - DEBUG - response_closed.started
2026-03-22 20:19:20,177 - DEBUG - response_closed.complete
2026-03-22 20:20:13,978 - INFO - Iniciando aplicación...
2026-03-22 20:20:14,001 - INFO - QApplication creado
2026-03-22 20:20:14,037 - INFO - MainWindow creado
2026-03-22 20:20:14,177 - INFO - Ventana mostrada
2026-03-22 20:20:14,178 - INFO - Entrando al event loop
2026-03-22 20:20:14,192 - INFO - Iniciando threads...
2026-03-22 20:20:14,192 - INFO - Threads iniciados exitosamente
2026-03-22 20:20:16,057 - INFO - Iniciando prueba automática de audio...
2026-03-22 20:20:16,058 - INFO - start_listening() llamado
2026-03-22 20:20:16,059 - INFO - Cargando modelo Whisper...
2026-03-22 20:20:16,811 - DEBUG - connect_tcp.started host='huggingface.co' port=443 local_address=None timeout=None socket_options=None
2026-03-22 20:20:16,850 - DEBUG - connect_tcp.complete return_value=<httpcore._backends.sync.SyncStream object at 0x000001C624833A10>
2026-03-22 20:20:16,850 - DEBUG - start_tls.started ssl_context=<ssl.SSLContext object at 0x000001C624851A30> server_hostname='huggingface.co' timeout=None
2026-03-22 20:20:16,898 - DEBUG - start_tls.complete return_value=<httpcore._backends.sync.SyncStream object at 0x000001C6247F7390>
2026-03-22 20:20:16,899 - DEBUG - send_request_headers.started request=<Request [b'GET']>
2026-03-22 20:20:16,900 - DEBUG - send_request_headers.complete
2026-03-22 20:20:16,900 - DEBUG - send_request_body.started request=<Request [b'GET']>
2026-03-22 20:20:16,900 - DEBUG - send_request_body.complete
2026-03-22 20:20:16,900 - DEBUG - receive_response_headers.started request=<Request [b'GET']>
2026-03-22 20:20:17,097 - DEBUG - receive_response_headers.complete return_value=(b'HTTP/1.1', 200, b'OK', [(b'Content-Type', b'application/json; charset=utf-8'), (b'Transfer-Encoding', b'chunked'), (b'Connection', b'keep-alive'), (b'Date', b'Sun, 22 Mar 2026 23:20:16 GMT'), (b'content-encoding', b'gzip'), (b'ETag', b'W/"7b8-h9JI9aGTNoz2DNPliurF8O/8ybk"'), (b'X-Powered-By', b'huggingface-moon'), (b'X-Request-Id', b'Root=1-69c07930-7959a52f01853f4854a751db;e9fe2651-a88e-4863-986d-d2bd40e96f69'), (b'RateLimit', b'"api";r=493;t=56'), (b'RateLimit-Policy', b'"fixed window";"api";q=500;w=300'), (b'cross-origin-opener-policy', b'same-origin'), (b'Referrer-Policy', b'strict-origin-when-cross-origin'), (b'Access-Control-Max-Age', b'86400'), (b'Access-Control-Allow-Origin', b'https://huggingface.co'), (b'Vary', b'Origin'), (b'vary', b'Accept-Encoding'), (b'Access-Control-Expose-Headers', b'X-Repo-Commit,X-Request-Id,X-Error-Code,X-Error-Message,X-Total-Count,ETag,Link,Accept-Ranges,Content-Range,X-Linked-Size,X-Linked-ETag,X-Xet-Hash'), (b'X-Cache', b'Miss from cloudfront'), (b'Via', b'1.1 f9cdb530bb7f4fd89f0e0fff0f0e0476.cloudfront.net (CloudFront)'), (b'X-Amz-Cf-Pop', b'EZE50-P7'), (b'X-Amz-Cf-Id', b'sKwmL2zzjhHxkWUUOxxuji_XMXr6Zj5-tf-mivHcdP9dHoHvPhFH2w==')])
2026-03-22 20:20:17,099 - INFO - HTTP Request: GET https://huggingface.co/api/models/Systran/faster-whisper-base/revision/main "HTTP/1.1 200 OK"
2026-03-22 20:20:17,099 - DEBUG - receive_response_body.started request=<Request [b'GET']>
2026-03-22 20:20:17,100 - DEBUG - receive_response_body.complete
2026-03-22 20:20:17,101 - DEBUG - response_closed.started
2026-03-22 20:20:17,101 - DEBUG - response_closed.complete
2026-03-22 20:20:17,137 - DEBUG - send_request_headers.started request=<Request [b'GET']>
2026-03-22 20:20:17,138 - DEBUG - send_request_headers.complete
2026-03-22 20:20:17,138 - DEBUG - send_request_body.started request=<Request [b'GET']>
2026-03-22 20:20:17,139 - DEBUG - send_request_body.complete
2026-03-22 20:20:17,139 - DEBUG - receive_response_headers.started request=<Request [b'GET']>
2026-03-22 20:20:17,340 - DEBUG - receive_response_headers.complete return_value=(b'HTTP/1.1', 200, b'OK', [(b'Content-Type', b'application/json; charset=utf-8'), (b'Transfer-Encoding', b'chunked'), (b'Connection', b'keep-alive'), (b'Date', b'Sun, 22 Mar 2026 23:20:17 GMT'), (b'content-encoding', b'gzip'), (b'ETag', b'W/"7b8-h9JI9aGTNoz2DNPliurF8O/8ybk"'), (b'X-Powered-By', b'huggingface-moon'), (b'X-Request-Id', b'Root=1-69c07931-710003540e99417902647a3f;4c5b2cbe-b9d7-449e-9804-c785cb938677'), (b'RateLimit', b'"api";r=492;t=55'), (b'RateLimit-Policy', b'"fixed window";"api";q=500;w=300'), (b'cross-origin-opener-policy', b'same-origin'), (b'Referrer-Policy', b'strict-origin-when-cross-origin'), (b'Access-Control-Max-Age', b'86400'), (b'Access-Control-Allow-Origin', b'https://huggingface.co'), (b'Vary', b'Origin'), (b'vary', b'Accept-Encoding'), (b'Access-Control-Expose-Headers', b'X-Repo-Commit,X-Request-Id,X-Error-Code,X-Error-Message,X-Total-Count,ETag,Link,Accept-Ranges,Content-Range,X-Linked-Size,X-Linked-ETag,X-Xet-Hash'), (b'X-Cache', b'Miss from cloudfront'), (b'Via', b'1.1 f9cdb530bb7f4fd89f0e0fff0f0e0476.cloudfront.net (CloudFront)'), (b'X-Amz-Cf-Pop', b'EZE50-P7'), (b'X-Amz-Cf-Id', b'7d2cPEEMV9et2b-7uds0P5R44euJFSsnO99F4ULw4_awPP0Q_InUDQ==')])
2026-03-22 20:20:17,342 - INFO - HTTP Request: GET https://huggingface.co/api/models/Systran/faster-whisper-base/revision/main "HTTP/1.1 200 OK"
2026-03-22 20:20:17,343 - DEBUG - receive_response_body.started request=<Request [b'GET']>
2026-03-22 20:20:17,344 - DEBUG - receive_response_body.complete
2026-03-22 20:20:17,345 - DEBUG - response_closed.started
2026-03-22 20:20:17,346 - DEBUG - response_closed.complete
2026-03-22 20:20:17,356 - DEBUG - send_request_headers.started request=<Request [b'GET']>
2026-03-22 20:20:17,357 - DEBUG - send_request_headers.complete
2026-03-22 20:20:17,357 - DEBUG - send_request_body.started request=<Request [b'GET']>
2026-03-22 20:20:17,357 - DEBUG - send_request_body.complete
2026-03-22 20:20:17,358 - DEBUG - receive_response_headers.started request=<Request [b'GET']>
2026-03-22 20:20:17,552 - DEBUG - receive_response_headers.complete return_value=(b'HTTP/1.1', 200, b'OK', [(b'Content-Type', b'application/json; charset=utf-8'), (b'Transfer-Encoding', b'chunked'), (b'Connection', b'keep-alive'), (b'Date', b'Sun, 22 Mar 2026 23:20:17 GMT'), (b'content-encoding', b'gzip'), (b'ETag', b'W/"7b8-h9JI9aGTNoz2DNPliurF8O/8ybk"'), (b'X-Powered-By', b'huggingface-moon'), (b'X-Request-Id', b'Root=1-69c07931-0c964bb9687e788d039a3670;911caf55-ab95-4d60-83d7-6df9576bacab'), (b'RateLimit', b'"api";r=491;t=55'), (b'RateLimit-Policy', b'"fixed window";"api";q=500;w=300'), (b'cross-origin-opener-policy', b'same-origin'), (b'Referrer-Policy', b'strict-origin-when-cross-origin'), (b'Access-Control-Max-Age', b'86400'), (b'Access-Control-Allow-Origin', b'https://huggingface.co'), (b'Vary', b'Origin'), (b'vary', b'Accept-Encoding'), (b'Access-Control-Expose-Headers', b'X-Repo-Commit,X-Request-Id,X-Error-Code,X-Error-Message,X-Total-Count,ETag,Link,Accept-Ranges,Content-Range,X-Linked-Size,X-Linked-ETag,X-Xet-Hash'), (b'X-Cache', b'Miss from cloudfront'), (b'Via', b'1.1 f9cdb530bb7f4fd89f0e0fff0f0e0476.cloudfront.net (CloudFront)'), (b'X-Amz-Cf-Pop', b'EZE50-P7'), (b'X-Amz-Cf-Id', b'rW_6yfz9wlMlsUOufdAMwCGFGgO8cAwd2XQuz3LfE0XEdU9S5k_9NQ==')])
2026-03-22 20:20:17,553 - INFO - HTTP Request: GET https://huggingface.co/api/models/Systran/faster-whisper-base/revision/main "HTTP/1.1 200 OK"
2026-03-22 20:20:17,555 - DEBUG - receive_response_body.started request=<Request [b'GET']>
2026-03-22 20:20:17,555 - DEBUG - receive_response_body.complete
2026-03-22 20:20:17,555 - DEBUG - response_closed.started
2026-03-22 20:20:17,556 - DEBUG - response_closed.complete
2026-03-22 20:21:10,412 - INFO - Iniciando aplicación...
2026-03-22 20:21:10,435 - INFO - QApplication creado
2026-03-22 20:21:10,472 - INFO - MainWindow creado
2026-03-22 20:21:10,618 - INFO - Ventana mostrada
2026-03-22 20:21:10,618 - INFO - Entrando al event loop
2026-03-22 20:21:10,628 - INFO - Iniciando threads...
2026-03-22 20:21:10,628 - INFO - Threads iniciados exitosamente
2026-03-22 20:21:12,473 - INFO - Iniciando prueba automática de audio...
2026-03-22 20:21:12,475 - INFO - start_listening() llamado
2026-03-22 20:21:12,475 - INFO - Cargando modelo Whisper...
2026-03-22 20:21:13,203 - DEBUG - connect_tcp.started host='huggingface.co' port=443 local_address=None timeout=None socket_options=None
2026-03-22 20:21:13,264 - DEBUG - connect_tcp.complete return_value=<httpcore._backends.sync.SyncStream object at 0x0000027A5D60BA10>
2026-03-22 20:21:13,264 - DEBUG - start_tls.started ssl_context=<ssl.SSLContext object at 0x0000027A5D621A30> server_hostname='huggingface.co' timeout=None
2026-03-22 20:21:13,305 - DEBUG - start_tls.complete return_value=<httpcore._backends.sync.SyncStream object at 0x0000027A5D5C7390>
2026-03-22 20:21:13,306 - DEBUG - send_request_headers.started request=<Request [b'GET']>
2026-03-22 20:21:13,306 - DEBUG - send_request_headers.complete
2026-03-22 20:21:13,307 - DEBUG - send_request_body.started request=<Request [b'GET']>
2026-03-22 20:21:13,307 - DEBUG - send_request_body.complete
2026-03-22 20:21:13,307 - DEBUG - receive_response_headers.started request=<Request [b'GET']>
2026-03-22 20:21:13,505 - DEBUG - receive_response_headers.complete return_value=(b'HTTP/1.1', 200, b'OK', [(b'Content-Type', b'application/json; charset=utf-8'), (b'Transfer-Encoding', b'chunked'), (b'Connection', b'keep-alive'), (b'Date', b'Sun, 22 Mar 2026 23:21:13 GMT'), (b'Access-Control-Expose-Headers', b'X-Repo-Commit,X-Request-Id,X-Error-Code,X-Error-Message,X-Total-Count,ETag,Link,Accept-Ranges,Content-Range,X-Linked-Size,X-Linked-ETag,X-Xet-Hash'), (b'content-encoding', b'gzip'), (b'X-Powered-By', b'huggingface-moon'), (b'X-Request-Id', b'Root=1-69c07969-2438fa8d1c3545440e6ece93;e7641f2c-8daa-4742-960a-7c6127736fde'), (b'RateLimit', b'"api";r=499;t=299'), (b'RateLimit-Policy', b'"fixed window";"api";q=500;w=300'), (b'cross-origin-opener-policy', b'same-origin'), (b'Referrer-Policy', b'strict-origin-when-cross-origin'), (b'Access-Control-Max-Age', b'86400'), (b'Access-Control-Allow-Origin', b'https://huggingface.co'), (b'Vary', b'Origin'), (b'vary', b'accept-encoding'), (b'ETag', b'W/"7b8-h9JI9aGTNoz2DNPliurF8O/8ybk"'), (b'X-Cache', b'Miss from cloudfront'), (b'Via', b'1.1 9136b143cdd61169ea2ceae053aa744c.cloudfront.net (CloudFront)'), (b'X-Amz-Cf-Pop', b'EZE50-P7'), (b'X-Amz-Cf-Id', b'AFcDOUDITeH-AUFrXmzvCbvnILU78nju7TpWNoseWHNvgHi45cZZyg==')])
2026-03-22 20:21:13,508 - INFO - HTTP Request: GET https://huggingface.co/api/models/Systran/faster-whisper-base/revision/main "HTTP/1.1 200 OK"
2026-03-22 20:21:13,508 - DEBUG - receive_response_body.started request=<Request [b'GET']>
2026-03-22 20:21:13,510 - DEBUG - receive_response_body.complete
2026-03-22 20:21:13,511 - DEBUG - response_closed.started
2026-03-22 20:21:13,511 - DEBUG - response_closed.complete
2026-03-22 20:21:13,551 - DEBUG - send_request_headers.started request=<Request [b'GET']>
2026-03-22 20:21:13,551 - DEBUG - send_request_headers.complete
2026-03-22 20:21:13,552 - DEBUG - send_request_body.started request=<Request [b'GET']>
2026-03-22 20:21:13,552 - DEBUG - send_request_body.complete
2026-03-22 20:21:13,552 - DEBUG - receive_response_headers.started request=<Request [b'GET']>
2026-03-22 20:21:13,740 - DEBUG - receive_response_headers.complete return_value=(b'HTTP/1.1', 200, b'OK', [(b'Content-Type', b'application/json; charset=utf-8'), (b'Transfer-Encoding', b'chunked'), (b'Connection', b'keep-alive'), (b'Date', b'Sun, 22 Mar 2026 23:21:13 GMT'), (b'Access-Control-Expose-Headers', b'X-Repo-Commit,X-Request-Id,X-Error-Code,X-Error-Message,X-Total-Count,ETag,Link,Accept-Ranges,Content-Range,X-Linked-Size,X-Linked-ETag,X-Xet-Hash'), (b'content-encoding', b'gzip'), (b'X-Powered-By', b'huggingface-moon'), (b'X-Request-Id', b'Root=1-69c07969-5a8547662c4762d16692ad90;7d1856ae-cca4-40d1-9915-cdf8d67dcbac'), (b'RateLimit', b'"api";r=498;t=299'), (b'RateLimit-Policy', b'"fixed window";"api";q=500;w=300'), (b'cross-origin-opener-policy', b'same-origin'), (b'Referrer-Policy', b'strict-origin-when-cross-origin'), (b'Access-Control-Max-Age', b'86400'), (b'Access-Control-Allow-Origin', b'https://huggingface.co'), (b'Vary', b'Origin'), (b'vary', b'accept-encoding'), (b'ETag', b'W/"7b8-h9JI9aGTNoz2DNPliurF8O/8ybk"'), (b'X-Cache', b'Miss from cloudfront'), (b'Via', b'1.1 9136b143cdd61169ea2ceae053aa744c.cloudfront.net (CloudFront)'), (b'X-Amz-Cf-Pop', b'EZE50-P7'), (b'X-Amz-Cf-Id', b'HjCE-66D3lvVIBHyieRdxE4hlsRnvrtXx4Sr4RisvagUd6xC8wpn_A==')])
2026-03-22 20:21:13,742 - INFO - HTTP Request: GET https://huggingface.co/api/models/Systran/faster-whisper-base/revision/main "HTTP/1.1 200 OK"
2026-03-22 20:21:13,743 - DEBUG - receive_response_body.started request=<Request [b'GET']>
2026-03-22 20:21:13,744 - DEBUG - receive_response_body.complete
2026-03-22 20:21:13,745 - DEBUG - response_closed.started
2026-03-22 20:21:13,746 - DEBUG - response_closed.complete
2026-03-22 20:21:13,755 - DEBUG - send_request_headers.started request=<Request [b'GET']>
2026-03-22 20:21:13,755 - DEBUG - send_request_headers.complete
2026-03-22 20:21:13,756 - DEBUG - send_request_body.started request=<Request [b'GET']>
2026-03-22 20:21:13,756 - DEBUG - send_request_body.complete
2026-03-22 20:21:13,756 - DEBUG - receive_response_headers.started request=<Request [b'GET']>
2026-03-22 20:21:13,950 - DEBUG - receive_response_headers.complete return_value=(b'HTTP/1.1', 200, b'OK', [(b'Content-Type', b'application/json; charset=utf-8'), (b'Transfer-Encoding', b'chunked'), (b'Connection', b'keep-alive'), (b'Date', b'Sun, 22 Mar 2026 23:21:13 GMT'), (b'Access-Control-Expose-Headers', b'X-Repo-Commit,X-Request-Id,X-Error-Code,X-Error-Message,X-Total-Count,ETag,Link,Accept-Ranges,Content-Range,X-Linked-Size,X-Linked-ETag,X-Xet-Hash'), (b'content-encoding', b'gzip'), (b'X-Powered-By', b'huggingface-moon'), (b'X-Request-Id', b'Root=1-69c07969-206c72dc0f511ee123f96b1e;d71459c9-cb69-407a-a1d4-c5792dc65fe6'), (b'RateLimit', b'"api";r=497;t=299'), (b'RateLimit-Policy', b'"fixed window";"api";q=500;w=300'), (b'cross-origin-opener-policy', b'same-origin'), (b'Referrer-Policy', b'strict-origin-when-cross-origin'), (b'Access-Control-Max-Age', b'86400'), (b'Access-Control-Allow-Origin', b'https://huggingface.co'), (b'Vary', b'Origin'), (b'vary', b'accept-encoding'), (b'ETag', b'W/"7b8-h9JI9aGTNoz2DNPliurF8O/8ybk"'), (b'X-Cache', b'Miss from cloudfront'), (b'Via', b'1.1 9136b143cdd61169ea2ceae053aa744c.cloudfront.net (CloudFront)'), (b'X-Amz-Cf-Pop', b'EZE50-P7'), (b'X-Amz-Cf-Id', b'DZyVhSwgHCfmIH5pH0xDp3as8jEuUdwZaNk002tgUhnGCW4pzmHM-Q==')])
2026-03-22 20:21:13,952 - INFO - HTTP Request: GET https://huggingface.co/api/models/Systran/faster-whisper-base/revision/main "HTTP/1.1 200 OK"
2026-03-22 20:21:13,952 - DEBUG - receive_response_body.started request=<Request [b'GET']>
2026-03-22 20:21:13,953 - DEBUG - receive_response_body.complete
2026-03-22 20:21:13,953 - DEBUG - response_closed.started
2026-03-22 20:21:13,954 - DEBUG - response_closed.complete
2026-03-22 20:22:09,474 - INFO - Iniciando aplicación...
2026-03-22 20:22:09,501 - INFO - QApplication creado
2026-03-22 20:22:09,533 - INFO - MainWindow creado
2026-03-22 20:22:09,673 - INFO - Ventana mostrada
2026-03-22 20:22:09,673 - INFO - Entrando al event loop
2026-03-22 20:22:09,682 - INFO - Iniciando threads...
2026-03-22 20:22:09,683 - INFO - Threads iniciados exitosamente
2026-03-22 20:22:11,540 - INFO - Iniciando prueba automática de audio...
2026-03-22 20:22:11,541 - INFO - start_listening() llamado
2026-03-22 20:22:11,542 - INFO - Cargando modelo Whisper...
2026-03-22 20:22:12,279 - DEBUG - connect_tcp.started host='huggingface.co' port=443 local_address=None timeout=None socket_options=None
2026-03-22 20:22:12,338 - DEBUG - connect_tcp.complete return_value=<httpcore._backends.sync.SyncStream object at 0x0000020338B8FA10>
2026-03-22 20:22:12,339 - DEBUG - start_tls.started ssl_context=<ssl.SSLContext object at 0x0000020338BB5A30> server_hostname='huggingface.co' timeout=None
2026-03-22 20:22:12,372 - DEBUG - start_tls.complete return_value=<httpcore._backends.sync.SyncStream object at 0x0000020338B57390>
2026-03-22 20:22:12,372 - DEBUG - send_request_headers.started request=<Request [b'GET']>
2026-03-22 20:22:12,373 - DEBUG - send_request_headers.complete
2026-03-22 20:22:12,373 - DEBUG - send_request_body.started request=<Request [b'GET']>
2026-03-22 20:22:12,373 - DEBUG - send_request_body.complete
2026-03-22 20:22:12,374 - DEBUG - receive_response_headers.started request=<Request [b'GET']>
2026-03-22 20:22:12,562 - DEBUG - receive_response_headers.complete return_value=(b'HTTP/1.1', 200, b'OK', [(b'Content-Type', b'application/json; charset=utf-8'), (b'Transfer-Encoding', b'chunked'), (b'Connection', b'keep-alive'), (b'Date', b'Sun, 22 Mar 2026 23:22:12 GMT'), (b'Access-Control-Expose-Headers', b'X-Repo-Commit,X-Request-Id,X-Error-Code,X-Error-Message,X-Total-Count,ETag,Link,Accept-Ranges,Content-Range,X-Linked-Size,X-Linked-ETag,X-Xet-Hash'), (b'content-encoding', b'gzip'), (b'X-Powered-By', b'huggingface-moon'), (b'X-Request-Id', b'Root=1-69c079a4-58c4e6fb4ab1339a437131cc;3682f4cb-dc12-41f9-a1fa-60bdaca5242f'), (b'RateLimit', b'"api";r=499;t=120'), (b'RateLimit-Policy', b'"fixed window";"api";q=500;w=300'), (b'cross-origin-opener-policy', b'same-origin'), (b'Referrer-Policy', b'strict-origin-when-cross-origin'), (b'Access-Control-Max-Age', b'86400'), (b'Access-Control-Allow-Origin', b'https://huggingface.co'), (b'Vary', b'Origin'), (b'vary', b'accept-encoding'), (b'ETag', b'W/"7b8-h9JI9aGTNoz2DNPliurF8O/8ybk"'), (b'X-Cache', b'Miss from cloudfront'), (b'Via', b'1.1 d7a2d5a951579cad96e3442a8a8e646e.cloudfront.net (CloudFront)'), (b'X-Amz-Cf-Pop', b'EZE50-P7'), (b'X-Amz-Cf-Id', b'8tacKwjmgREm6si6GSDsDoH6He3xygrc55xHSlMOoOcVQ1q-DZcCwQ==')])
2026-03-22 20:22:12,563 - INFO - HTTP Request: GET https://huggingface.co/api/models/Systran/faster-whisper-base/revision/main "HTTP/1.1 200 OK"
2026-03-22 20:22:12,564 - DEBUG - receive_response_body.started request=<Request [b'GET']>
2026-03-22 20:22:12,565 - DEBUG - receive_response_body.complete
2026-03-22 20:22:12,565 - DEBUG - response_closed.started
2026-03-22 20:22:12,565 - DEBUG - response_closed.complete
2026-03-22 20:22:12,602 - DEBUG - send_request_headers.started request=<Request [b'GET']>
2026-03-22 20:22:12,603 - DEBUG - send_request_headers.complete
2026-03-22 20:22:12,603 - DEBUG - send_request_body.started request=<Request [b'GET']>
2026-03-22 20:22:12,603 - DEBUG - send_request_body.complete
2026-03-22 20:22:12,604 - DEBUG - receive_response_headers.started request=<Request [b'GET']>
2026-03-22 20:22:12,794 - DEBUG - receive_response_headers.complete return_value=(b'HTTP/1.1', 200, b'OK', [(b'Content-Type', b'application/json; charset=utf-8'), (b'Transfer-Encoding', b'chunked'), (b'Connection', b'keep-alive'), (b'Date', b'Sun, 22 Mar 2026 23:22:12 GMT'), (b'Access-Control-Expose-Headers', b'X-Repo-Commit,X-Request-Id,X-Error-Code,X-Error-Message,X-Total-Count,ETag,Link,Accept-Ranges,Content-Range,X-Linked-Size,X-Linked-ETag,X-Xet-Hash'), (b'content-encoding', b'gzip'), (b'X-Powered-By', b'huggingface-moon'), (b'X-Request-Id', b'Root=1-69c079a4-002da4034d735a2e21f3e1a7;77f98e11-dd1a-4018-b497-14b8e27c5232'), (b'RateLimit', b'"api";r=498;t=120'), (b'RateLimit-Policy', b'"fixed window";"api";q=500;w=300'), (b'cross-origin-opener-policy', b'same-origin'), (b'Referrer-Policy', b'strict-origin-when-cross-origin'), (b'Access-Control-Max-Age', b'86400'), (b'Access-Control-Allow-Origin', b'https://huggingface.co'), (b'Vary', b'Origin'), (b'vary', b'accept-encoding'), (b'ETag', b'W/"7b8-h9JI9aGTNoz2DNPliurF8O/8ybk"'), (b'X-Cache', b'Miss from cloudfront'), (b'Via', b'1.1 d7a2d5a951579cad96e3442a8a8e646e.cloudfront.net (CloudFront)'), (b'X-Amz-Cf-Pop', b'EZE50-P7'), (b'X-Amz-Cf-Id', b'kWoq1o6bdTkLeUpT1rX2xDx1WxwPbyDEZESXhfWkj7NHUFHGJgsyng==')])
2026-03-22 20:22:12,796 - INFO - HTTP Request: GET https://huggingface.co/api/models/Systran/faster-whisper-base/revision/main "HTTP/1.1 200 OK"
2026-03-22 20:22:12,797 - DEBUG - receive_response_body.started request=<Request [b'GET']>
2026-03-22 20:22:12,798 - DEBUG - receive_response_body.complete
2026-03-22 20:22:12,799 - DEBUG - response_closed.started
2026-03-22 20:22:12,800 - DEBUG - response_closed.complete
2026-03-22 20:22:12,808 - DEBUG - send_request_headers.started request=<Request [b'GET']>
2026-03-22 20:22:12,808 - DEBUG - send_request_headers.complete
2026-03-22 20:22:12,808 - DEBUG - send_request_body.started request=<Request [b'GET']>
2026-03-22 20:22:12,809 - DEBUG - send_request_body.complete
2026-03-22 20:22:12,809 - DEBUG - receive_response_headers.started request=<Request [b'GET']>
2026-03-22 20:22:12,996 - DEBUG - receive_response_headers.complete return_value=(b'HTTP/1.1', 200, b'OK', [(b'Content-Type', b'application/json; charset=utf-8'), (b'Transfer-Encoding', b'chunked'), (b'Connection', b'keep-alive'), (b'Date', b'Sun, 22 Mar 2026 23:22:12 GMT'), (b'Access-Control-Expose-Headers', b'X-Repo-Commit,X-Request-Id,X-Error-Code,X-Error-Message,X-Total-Count,ETag,Link,Accept-Ranges,Content-Range,X-Linked-Size,X-Linked-ETag,X-Xet-Hash'), (b'content-encoding', b'gzip'), (b'X-Powered-By', b'huggingface-moon'), (b'X-Request-Id', b'Root=1-69c079a4-1ac58a9b3f3d81c329d25101;2cfcf431-bc3f-4662-9a80-ef71b94df024'), (b'RateLimit', b'"api";r=497;t=120'), (b'RateLimit-Policy', b'"fixed window";"api";q=500;w=300'), (b'cross-origin-opener-policy', b'same-origin'), (b'Referrer-Policy', b'strict-origin-when-cross-origin'), (b'Access-Control-Max-Age', b'86400'), (b'Access-Control-Allow-Origin', b'https://huggingface.co'), (b'Vary', b'Origin'), (b'vary', b'accept-encoding'), (b'ETag', b'W/"7b8-h9JI9aGTNoz2DNPliurF8O/8ybk"'), (b'X-Cache', b'Miss from cloudfront'), (b'Via', b'1.1 d7a2d5a951579cad96e3442a8a8e646e.cloudfront.net (CloudFront)'), (b'X-Amz-Cf-Pop', b'EZE50-P7'), (b'X-Amz-Cf-Id', b'Pxxy6UbixjruFNOf7ZH9ZBBXkqkoU0ijNgopsJalrRX8QzbDSLf-xQ==')])
2026-03-22 20:22:12,997 - INFO - HTTP Request: GET https://huggingface.co/api/models/Systran/faster-whisper-base/revision/main "HTTP/1.1 200 OK"
2026-03-22 20:22:12,998 - DEBUG - receive_response_body.started request=<Request [b'GET']>
2026-03-22 20:22:12,999 - DEBUG - receive_response_body.complete
2026-03-22 20:22:13,000 - DEBUG - response_closed.started
2026-03-22 20:22:13,000 - DEBUG - response_closed.complete
2026-03-22 20:22:59,419 - INFO - Iniciando aplicación...
2026-03-22 20:22:59,444 - INFO - QApplication creado
2026-03-22 20:22:59,472 - INFO - MainWindow creado
2026-03-22 20:22:59,629 - INFO - Ventana mostrada
2026-03-22 20:22:59,629 - INFO - Entrando al event loop
2026-03-22 20:23:01,469 - INFO - Iniciando prueba automática de audio...
2026-03-22 20:23:01,471 - INFO - start_listening() llamado
2026-03-22 20:23:01,472 - INFO - Cargando modelo Whisper...
2026-03-22 20:23:02,206 - DEBUG - connect_tcp.started host='huggingface.co' port=443 local_address=None timeout=None socket_options=None
2026-03-22 20:23:02,333 - DEBUG - connect_tcp.complete return_value=<httpcore._backends.sync.SyncStream object at 0x000001672564BA10>
2026-03-22 20:23:02,334 - DEBUG - start_tls.started ssl_context=<ssl.SSLContext object at 0x0000016725661A30> server_hostname='huggingface.co' timeout=None
2026-03-22 20:23:02,369 - DEBUG - start_tls.complete return_value=<httpcore._backends.sync.SyncStream object at 0x0000016725607390>
2026-03-22 20:23:02,370 - DEBUG - send_request_headers.started request=<Request [b'GET']>
2026-03-22 20:23:02,370 - DEBUG - send_request_headers.complete
2026-03-22 20:23:02,370 - DEBUG - send_request_body.started request=<Request [b'GET']>
2026-03-22 20:23:02,371 - DEBUG - send_request_body.complete
2026-03-22 20:23:02,371 - DEBUG - receive_response_headers.started request=<Request [b'GET']>
2026-03-22 20:23:02,567 - DEBUG - receive_response_headers.complete return_value=(b'HTTP/1.1', 200, b'OK', [(b'Content-Type', b'application/json; charset=utf-8'), (b'Transfer-Encoding', b'chunked'), (b'Connection', b'keep-alive'), (b'Date', b'Sun, 22 Mar 2026 23:23:02 GMT'), (b'content-encoding', b'gzip'), (b'ETag', b'W/"7b8-h9JI9aGTNoz2DNPliurF8O/8ybk"'), (b'X-Powered-By', b'huggingface-moon'), (b'X-Request-Id', b'Root=1-69c079d6-0a410c2348c4846458889f6d;2d17ade5-0b45-482c-8fa6-b49d5b4da065'), (b'RateLimit', b'"api";r=496;t=70'), (b'RateLimit-Policy', b'"fixed window";"api";q=500;w=300'), (b'cross-origin-opener-policy', b'same-origin'), (b'Referrer-Policy', b'strict-origin-when-cross-origin'), (b'Access-Control-Max-Age', b'86400'), (b'Access-Control-Allow-Origin', b'https://huggingface.co'), (b'Vary', b'Origin'), (b'vary', b'Accept-Encoding'), (b'Access-Control-Expose-Headers', b'X-Repo-Commit,X-Request-Id,X-Error-Code,X-Error-Message,X-Total-Count,ETag,Link,Accept-Ranges,Content-Range,X-Linked-Size,X-Linked-ETag,X-Xet-Hash'), (b'X-Cache', b'Miss from cloudfront'), (b'Via', b'1.1 fa3d60d01c521da892a423d58d4f3b14.cloudfront.net (CloudFront)'), (b'X-Amz-Cf-Pop', b'EZE50-P7'), (b'X-Amz-Cf-Id', b'kXPh6L7L3QmZ2ycwFn4XBErDMo432MLyfzo0LMUW-0E5AzSyzuBuGA==')])
2026-03-22 20:23:02,569 - INFO - HTTP Request: GET https://huggingface.co/api/models/Systran/faster-whisper-base/revision/main "HTTP/1.1 200 OK"
2026-03-22 20:23:02,571 - DEBUG - receive_response_body.started request=<Request [b'GET']>
2026-03-22 20:23:02,572 - DEBUG - receive_response_body.complete
2026-03-22 20:23:02,573 - DEBUG - response_closed.started
2026-03-22 20:23:02,573 - DEBUG - response_closed.complete
2026-03-22 20:23:02,610 - DEBUG - send_request_headers.started request=<Request [b'GET']>
2026-03-22 20:23:02,610 - DEBUG - send_request_headers.complete
2026-03-22 20:23:02,611 - DEBUG - send_request_body.started request=<Request [b'GET']>
2026-03-22 20:23:02,611 - DEBUG - send_request_body.complete
2026-03-22 20:23:02,611 - DEBUG - receive_response_headers.started request=<Request [b'GET']>
2026-03-22 20:23:02,802 - DEBUG - receive_response_headers.complete return_value=(b'HTTP/1.1', 200, b'OK', [(b'Content-Type', b'application/json; charset=utf-8'), (b'Transfer-Encoding', b'chunked'), (b'Connection', b'keep-alive'), (b'Date', b'Sun, 22 Mar 2026 23:23:02 GMT'), (b'Access-Control-Expose-Headers', b'X-Repo-Commit,X-Request-Id,X-Error-Code,X-Error-Message,X-Total-Count,ETag,Link,Accept-Ranges,Content-Range,X-Linked-Size,X-Linked-ETag,X-Xet-Hash'), (b'content-encoding', b'gzip'), (b'X-Powered-By', b'huggingface-moon'), (b'X-Request-Id', b'Root=1-69c079d6-5d08195f77af2f5b0cc6b2fd;4ca8f515-ae62-41f1-b4e1-16c057657ae6'), (b'RateLimit', b'"api";r=495;t=70'), (b'RateLimit-Policy', b'"fixed window";"api";q=500;w=300'), (b'cross-origin-opener-policy', b'same-origin'), (b'Referrer-Policy', b'strict-origin-when-cross-origin'), (b'Access-Control-Max-Age', b'86400'), (b'Access-Control-Allow-Origin', b'https://huggingface.co'), (b'Vary', b'Origin'), (b'vary', b'accept-encoding'), (b'ETag', b'W/"7b8-h9JI9aGTNoz2DNPliurF8O/8ybk"'), (b'X-Cache', b'Miss from cloudfront'), (b'Via', b'1.1 fa3d60d01c521da892a423d58d4f3b14.cloudfront.net (CloudFront)'), (b'X-Amz-Cf-Pop', b'EZE50-P7'), (b'X-Amz-Cf-Id', b'RiYHt3Na9hjQgwfoVXXQekAO-g19fH-I75jdnPJrmY_q428q9_ZryQ==')])
2026-03-22 20:23:02,803 - INFO - HTTP Request: GET https://huggingface.co/api/models/Systran/faster-whisper-base/revision/main "HTTP/1.1 200 OK"
2026-03-22 20:23:02,804 - DEBUG - receive_response_body.started request=<Request [b'GET']>
2026-03-22 20:23:02,804 - DEBUG - receive_response_body.complete
2026-03-22 20:23:02,805 - DEBUG - response_closed.started
2026-03-22 20:23:02,805 - DEBUG - response_closed.complete
2026-03-22 20:23:02,811 - DEBUG - send_request_headers.started request=<Request [b'GET']>
2026-03-22 20:23:02,811 - DEBUG - send_request_headers.complete
2026-03-22 20:23:02,812 - DEBUG - send_request_body.started request=<Request [b'GET']>
2026-03-22 20:23:02,812 - DEBUG - send_request_body.complete
2026-03-22 20:23:02,813 - DEBUG - receive_response_headers.started request=<Request [b'GET']>
2026-03-22 20:23:03,014 - DEBUG - receive_response_headers.complete return_value=(b'HTTP/1.1', 200, b'OK', [(b'Content-Type', b'application/json; charset=utf-8'), (b'Transfer-Encoding', b'chunked'), (b'Connection', b'keep-alive'), (b'Date', b'Sun, 22 Mar 2026 23:23:02 GMT'), (b'content-encoding', b'gzip'), (b'ETag', b'W/"7b8-h9JI9aGTNoz2DNPliurF8O/8ybk"'), (b'X-Powered-By', b'huggingface-moon'), (b'X-Request-Id', b'Root=1-69c079d6-47f27828038ced8d3257f9fb;3a07dc74-a909-4693-977a-1bd68e70bf79'), (b'RateLimit', b'"api";r=494;t=70'), (b'RateLimit-Policy', b'"fixed window";"api";q=500;w=300'), (b'cross-origin-opener-policy', b'same-origin'), (b'Referrer-Policy', b'strict-origin-when-cross-origin'), (b'Access-Control-Max-Age', b'86400'), (b'Access-Control-Allow-Origin', b'https://huggingface.co'), (b'Vary', b'Origin'), (b'vary', b'Accept-Encoding'), (b'Access-Control-Expose-Headers', b'X-Repo-Commit,X-Request-Id,X-Error-Code,X-Error-Message,X-Total-Count,ETag,Link,Accept-Ranges,Content-Range,X-Linked-Size,X-Linked-ETag,X-Xet-Hash'), (b'X-Cache', b'Miss from cloudfront'), (b'Via', b'1.1 fa3d60d01c521da892a423d58d4f3b14.cloudfront.net (CloudFront)'), (b'X-Amz-Cf-Pop', b'EZE50-P7'), (b'X-Amz-Cf-Id', b'Xbx2DTMaU8V7QVPUFldUYth5c0Cd9Ayg09hIq1vRF_rSjBpKGp7Plw==')])
2026-03-22 20:23:03,017 - INFO - HTTP Request: GET https://huggingface.co/api/models/Systran/faster-whisper-base/revision/main "HTTP/1.1 200 OK"
2026-03-22 20:23:03,017 - DEBUG - receive_response_body.started request=<Request [b'GET']>
2026-03-22 20:23:03,019 - DEBUG - receive_response_body.complete
2026-03-22 20:23:03,019 - DEBUG - response_closed.started
2026-03-22 20:23:03,020 - DEBUG - response_closed.complete
2026-03-22 20:24:57,879 - INFO - Iniciando aplicación...
2026-03-22 20:24:57,903 - INFO - QApplication creado
2026-03-22 20:24:57,938 - INFO - MainWindow creado
2026-03-22 20:24:58,079 - INFO - Ventana mostrada
2026-03-22 20:24:58,079 - INFO - Entrando al event loop
2026-03-22 20:24:58,091 - INFO - Iniciando threads...
2026-03-22 20:24:58,091 - INFO - Threads iniciados exitosamente
2026-03-22 20:24:59,936 - INFO - Iniciando prueba automática de audio...
2026-03-22 20:24:59,940 - INFO - start_listening() llamado
2026-03-22 20:24:59,941 - INFO - Cargando modelo Whisper...
2026-03-22 20:25:00,689 - DEBUG - connect_tcp.started host='huggingface.co' port=443 local_address=None timeout=None socket_options=None
2026-03-22 20:25:00,761 - DEBUG - connect_tcp.complete return_value=<httpcore._backends.sync.SyncStream object at 0x000002339B0CBA10>
2026-03-22 20:25:00,762 - DEBUG - start_tls.started ssl_context=<ssl.SSLContext object at 0x000002339B0E1AC0> server_hostname='huggingface.co' timeout=None
2026-03-22 20:25:00,804 - DEBUG - start_tls.complete return_value=<httpcore._backends.sync.SyncStream object at 0x000002339B0874D0>
2026-03-22 20:25:00,804 - DEBUG - send_request_headers.started request=<Request [b'GET']>
2026-03-22 20:25:00,805 - DEBUG - send_request_headers.complete
2026-03-22 20:25:00,806 - DEBUG - send_request_body.started request=<Request [b'GET']>
2026-03-22 20:25:00,806 - DEBUG - send_request_body.complete
2026-03-22 20:25:00,807 - DEBUG - receive_response_headers.started request=<Request [b'GET']>
2026-03-22 20:25:01,021 - DEBUG - receive_response_headers.complete return_value=(b'HTTP/1.1', 200, b'OK', [(b'Content-Type', b'application/json; charset=utf-8'), (b'Transfer-Encoding', b'chunked'), (b'Connection', b'keep-alive'), (b'Date', b'Sun, 22 Mar 2026 23:25:00 GMT'), (b'content-encoding', b'gzip'), (b'ETag', b'W/"7b8-h9JI9aGTNoz2DNPliurF8O/8ybk"'), (b'X-Powered-By', b'huggingface-moon'), (b'X-Request-Id', b'Root=1-69c07a4c-6eb348fd0204c9e667125268;bd45c15e-daa2-4ac4-b2c7-2da4b4e45b40'), (b'RateLimit', b'"api";r=499;t=252'), (b'RateLimit-Policy', b'"fixed window";"api";q=500;w=300'), (b'cross-origin-opener-policy', b'same-origin'), (b'Referrer-Policy', b'strict-origin-when-cross-origin'), (b'Access-Control-Max-Age', b'86400'), (b'Access-Control-Allow-Origin', b'https://huggingface.co'), (b'Vary', b'Origin'), (b'vary', b'Accept-Encoding'), (b'Access-Control-Expose-Headers', b'X-Repo-Commit,X-Request-Id,X-Error-Code,X-Error-Message,X-Total-Count,ETag,Link,Accept-Ranges,Content-Range,X-Linked-Size,X-Linked-ETag,X-Xet-Hash'), (b'X-Cache', b'Miss from cloudfront'), (b'Via', b'1.1 cfd1413b816afd1cf638de6b0a8f9dfc.cloudfront.net (CloudFront)'), (b'X-Amz-Cf-Pop', b'EZE50-P7'), (b'X-Amz-Cf-Id', b'iOWU1yiEAsVyD3ICDGd3RW8nWdiTYmkLkaT9Uva6XE2LtRO38RF1wQ==')])
2026-03-22 20:25:01,024 - INFO - HTTP Request: GET https://huggingface.co/api/models/Systran/faster-whisper-base/revision/main "HTTP/1.1 200 OK"
2026-03-22 20:25:01,025 - DEBUG - receive_response_body.started request=<Request [b'GET']>
2026-03-22 20:25:01,026 - DEBUG - receive_response_body.complete
2026-03-22 20:25:01,026 - DEBUG - response_closed.started
2026-03-22 20:25:01,027 - DEBUG - response_closed.complete
2026-03-22 20:25:01,064 - DEBUG - send_request_headers.started request=<Request [b'GET']>
2026-03-22 20:25:01,065 - DEBUG - send_request_headers.complete
2026-03-22 20:25:01,065 - DEBUG - send_request_body.started request=<Request [b'GET']>
2026-03-22 20:25:01,066 - DEBUG - send_request_body.complete
2026-03-22 20:25:01,066 - DEBUG - receive_response_headers.started request=<Request [b'GET']>
2026-03-22 20:25:01,265 - DEBUG - receive_response_headers.complete return_value=(b'HTTP/1.1', 200, b'OK', [(b'Content-Type', b'application/json; charset=utf-8'), (b'Transfer-Encoding', b'chunked'), (b'Connection', b'keep-alive'), (b'Date', b'Sun, 22 Mar 2026 23:25:01 GMT'), (b'Access-Control-Expose-Headers', b'X-Repo-Commit,X-Request-Id,X-Error-Code,X-Error-Message,X-Total-Count,ETag,Link,Accept-Ranges,Content-Range,X-Linked-Size,X-Linked-ETag,X-Xet-Hash'), (b'content-encoding', b'gzip'), (b'X-Powered-By', b'huggingface-moon'), (b'X-Request-Id', b'Root=1-69c07a4d-1574874b50df1a7376f349ce;33c0dc29-ab23-4bf5-b66f-e1078bc37730'), (b'RateLimit', b'"api";r=498;t=251'), (b'RateLimit-Policy', b'"fixed window";"api";q=500;w=300'), (b'cross-origin-opener-policy', b'same-origin'), (b'Referrer-Policy', b'strict-origin-when-cross-origin'), (b'Access-Control-Max-Age', b'86400'), (b'Access-Control-Allow-Origin', b'https://huggingface.co'), (b'Vary', b'Origin'), (b'vary', b'accept-encoding'), (b'ETag', b'W/"7b8-h9JI9aGTNoz2DNPliurF8O/8ybk"'), (b'X-Cache', b'Miss from cloudfront'), (b'Via', b'1.1 cfd1413b816afd1cf638de6b0a8f9dfc.cloudfront.net (CloudFront)'), (b'X-Amz-Cf-Pop', b'EZE50-P7'), (b'X-Amz-Cf-Id', b'wsu7LxpCWC0Szs78cd2yM7x_lJijnxDyRgxO1hP0hTIGW5L9vrmptA==')])
2026-03-22 20:25:01,267 - INFO - HTTP Request: GET https://huggingface.co/api/models/Systran/faster-whisper-base/revision/main "HTTP/1.1 200 OK"
2026-03-22 20:25:01,268 - DEBUG - receive_response_body.started request=<Request [b'GET']>
2026-03-22 20:25:01,269 - DEBUG - receive_response_body.complete
2026-03-22 20:25:01,270 - DEBUG - response_closed.started
2026-03-22 20:25:01,271 - DEBUG - response_closed.complete
2026-03-22 20:25:01,279 - DEBUG - send_request_headers.started request=<Request [b'GET']>
2026-03-22 20:25:01,280 - DEBUG - send_request_headers.complete
2026-03-22 20:25:01,280 - DEBUG - send_request_body.started request=<Request [b'GET']>
2026-03-22 20:25:01,280 - DEBUG - send_request_body.complete
2026-03-22 20:25:01,281 - DEBUG - receive_response_headers.started request=<Request [b'GET']>
2026-03-22 20:25:01,494 - DEBUG - receive_response_headers.complete return_value=(b'HTTP/1.1', 200, b'OK', [(b'Content-Type', b'application/json; charset=utf-8'), (b'Transfer-Encoding', b'chunked'), (b'Connection', b'keep-alive'), (b'Date', b'Sun, 22 Mar 2026 23:25:01 GMT'), (b'content-encoding', b'gzip'), (b'ETag', b'W/"7b8-h9JI9aGTNoz2DNPliurF8O/8ybk"'), (b'X-Powered-By', b'huggingface-moon'), (b'X-Request-Id', b'Root=1-69c07a4d-6b77089d22e1bf603289e659;8ab6bc70-19c1-4e7e-bdfa-002ada2dc70e'), (b'RateLimit', b'"api";r=497;t=251'), (b'RateLimit-Policy', b'"fixed window";"api";q=500;w=300'), (b'cross-origin-opener-policy', b'same-origin'), (b'Referrer-Policy', b'strict-origin-when-cross-origin'), (b'Access-Control-Max-Age', b'86400'), (b'Access-Control-Allow-Origin', b'https://huggingface.co'), (b'Vary', b'Origin'), (b'vary', b'Accept-Encoding'), (b'Access-Control-Expose-Headers', b'X-Repo-Commit,X-Request-Id,X-Error-Code,X-Error-Message,X-Total-Count,ETag,Link,Accept-Ranges,Content-Range,X-Linked-Size,X-Linked-ETag,X-Xet-Hash'), (b'X-Cache', b'Miss from cloudfront'), (b'Via', b'1.1 cfd1413b816afd1cf638de6b0a8f9dfc.cloudfront.net (CloudFront)'), (b'X-Amz-Cf-Pop', b'EZE50-P7'), (b'X-Amz-Cf-Id', b'myYbZ82UPr6Uw8bkjhcmLqdXo5xKjlipTbch5oG9ezOYKDhXurKVBg==')])
2026-03-22 20:25:01,495 - INFO - HTTP Request: GET https://huggingface.co/api/models/Systran/faster-whisper-base/revision/main "HTTP/1.1 200 OK"
2026-03-22 20:25:01,496 - DEBUG - receive_response_body.started request=<Request [b'GET']>
2026-03-22 20:25:01,497 - DEBUG - receive_response_body.complete
2026-03-22 20:25:01,498 - DEBUG - response_closed.started
2026-03-22 20:25:01,498 - DEBUG - response_closed.complete
2026-03-22 20:26:20,823 - INFO - closeEvent llamado - cerrando aplicación
2026-03-22 20:26:20,827 - INFO - stop_listening ejecutado
2026-03-22 20:26:20,827 - INFO - audio_thread.quit() ejecutado
2026-03-22 20:26:20,828 - INFO - audio_thread.wait() completado
2026-03-22 20:26:20,828 - INFO - transcriber_thread.quit() ejecutado
2026-03-22 20:26:20,829 - INFO - transcriber_thread.wait() completado
2026-03-22 20:26:20,830 - INFO - closeEvent completado
2026-03-22 20:26:20,880 - INFO - Event loop finalizado con código: 0
2026-03-22 20:26:24,462 - INFO - Event loop finalizado con código: 0
2026-03-22 20:26:37,896 - INFO - Iniciando aplicación...
2026-03-22 20:26:37,922 - INFO - QApplication creado
2026-03-22 20:26:37,958 - INFO - MainWindow creado
2026-03-22 20:26:38,146 - INFO - Ventana mostrada
2026-03-22 20:26:38,147 - INFO - Entrando al event loop
2026-03-22 20:26:38,159 - INFO - Iniciando threads...
2026-03-22 20:26:38,159 - INFO - Threads iniciados exitosamente
2026-03-22 20:26:39,968 - INFO - Iniciando prueba automática de audio...
2026-03-22 20:26:39,968 - INFO - start_listening() llamado
2026-03-22 20:26:39,969 - INFO - Cargando modelo Whisper...
2026-03-22 20:26:40,723 - DEBUG - connect_tcp.started host='huggingface.co' port=443 local_address=None timeout=None socket_options=None
2026-03-22 20:26:40,786 - DEBUG - connect_tcp.complete return_value=<httpcore._backends.sync.SyncStream object at 0x000001F020D6BA10>
2026-03-22 20:26:40,787 - DEBUG - start_tls.started ssl_context=<ssl.SSLContext object at 0x000001F020D81AC0> server_hostname='huggingface.co' timeout=None
2026-03-22 20:26:40,829 - DEBUG - start_tls.complete return_value=<httpcore._backends.sync.SyncStream object at 0x000001F020D274D0>
2026-03-22 20:26:40,830 - DEBUG - send_request_headers.started request=<Request [b'GET']>
2026-03-22 20:26:40,831 - DEBUG - send_request_headers.complete
2026-03-22 20:26:40,832 - DEBUG - send_request_body.started request=<Request [b'GET']>
2026-03-22 20:26:40,832 - DEBUG - send_request_body.complete
2026-03-22 20:26:40,832 - DEBUG - receive_response_headers.started request=<Request [b'GET']>
2026-03-22 20:26:41,017 - DEBUG - receive_response_headers.complete return_value=(b'HTTP/1.1', 200, b'OK', [(b'Content-Type', b'application/json; charset=utf-8'), (b'Transfer-Encoding', b'chunked'), (b'Connection', b'keep-alive'), (b'Date', b'Sun, 22 Mar 2026 23:26:40 GMT'), (b'Access-Control-Expose-Headers', b'X-Repo-Commit,X-Request-Id,X-Error-Code,X-Error-Message,X-Total-Count,ETag,Link,Accept-Ranges,Content-Range,X-Linked-Size,X-Linked-ETag,X-Xet-Hash'), (b'content-encoding', b'gzip'), (b'X-Powered-By', b'huggingface-moon'), (b'X-Request-Id', b'Root=1-69c07ab0-2362cc84135f1eb50de97ab0;b2a2000d-95ed-4840-9541-43e410c421af'), (b'RateLimit', b'"api";r=496;t=152'), (b'RateLimit-Policy', b'"fixed window";"api";q=500;w=300'), (b'cross-origin-opener-policy', b'same-origin'), (b'Referrer-Policy', b'strict-origin-when-cross-origin'), (b'Access-Control-Max-Age', b'86400'), (b'Access-Control-Allow-Origin', b'https://huggingface.co'), (b'Vary', b'Origin'), (b'vary', b'accept-encoding'), (b'ETag', b'W/"7b8-h9JI9aGTNoz2DNPliurF8O/8ybk"'), (b'X-Cache', b'Miss from cloudfront'), (b'Via', b'1.1 4b6ac8f856a9c51ef044968a35bededc.cloudfront.net (CloudFront)'), (b'X-Amz-Cf-Pop', b'EZE50-P7'), (b'X-Amz-Cf-Id', b'S9KL6GPVNQNd0w-N4kO3LEknYWharN7-7Ua8gDORMe-8VaC5ELFl7Q==')])
2026-03-22 20:26:41,021 - INFO - HTTP Request: GET https://huggingface.co/api/models/Systran/faster-whisper-base/revision/main "HTTP/1.1 200 OK"
2026-03-22 20:26:41,022 - DEBUG - receive_response_body.started request=<Request [b'GET']>
2026-03-22 20:26:41,024 - DEBUG - receive_response_body.complete
2026-03-22 20:26:41,024 - DEBUG - response_closed.started
2026-03-22 20:26:41,026 - DEBUG - response_closed.complete
2026-03-22 20:26:41,061 - DEBUG - send_request_headers.started request=<Request [b'GET']>
2026-03-22 20:26:41,062 - DEBUG - send_request_headers.complete
2026-03-22 20:26:41,062 - DEBUG - send_request_body.started request=<Request [b'GET']>
2026-03-22 20:26:41,062 - DEBUG - send_request_body.complete
2026-03-22 20:26:41,063 - DEBUG - receive_response_headers.started request=<Request [b'GET']>
2026-03-22 20:26:41,253 - DEBUG - receive_response_headers.complete return_value=(b'HTTP/1.1', 200, b'OK', [(b'Content-Type', b'application/json; charset=utf-8'), (b'Transfer-Encoding', b'chunked'), (b'Connection', b'keep-alive'), (b'Date', b'Sun, 22 Mar 2026 23:26:41 GMT'), (b'content-encoding', b'gzip'), (b'ETag', b'W/"7b8-h9JI9aGTNoz2DNPliurF8O/8ybk"'), (b'X-Powered-By', b'huggingface-moon'), (b'X-Request-Id', b'Root=1-69c07ab1-1274ffd56d57099816fa15f1;e395a8cc-f94a-4265-97cc-f593c6efbe1b'), (b'RateLimit', b'"api";r=495;t=151'), (b'RateLimit-Policy', b'"fixed window";"api";q=500;w=300'), (b'cross-origin-opener-policy', b'same-origin'), (b'Referrer-Policy', b'strict-origin-when-cross-origin'), (b'Access-Control-Max-Age', b'86400'), (b'Access-Control-Allow-Origin', b'https://huggingface.co'), (b'Vary', b'Origin'), (b'vary', b'Accept-Encoding'), (b'Access-Control-Expose-Headers', b'X-Repo-Commit,X-Request-Id,X-Error-Code,X-Error-Message,X-Total-Count,ETag,Link,Accept-Ranges,Content-Range,X-Linked-Size,X-Linked-ETag,X-Xet-Hash'), (b'X-Cache', b'Miss from cloudfront'), (b'Via', b'1.1 4b6ac8f856a9c51ef044968a35bededc.cloudfront.net (CloudFront)'), (b'X-Amz-Cf-Pop', b'EZE50-P7'), (b'X-Amz-Cf-Id', b'0md1UZhdmPZa4sgk-Cb1HWbLSUJ8t7C4KuygHbXhybtrhovg41WWcA==')])
2026-03-22 20:26:41,254 - INFO - HTTP Request: GET https://huggingface.co/api/models/Systran/faster-whisper-base/revision/main "HTTP/1.1 200 OK"
2026-03-22 20:26:41,255 - DEBUG - receive_response_body.started request=<Request [b'GET']>
2026-03-22 20:26:41,257 - DEBUG - receive_response_body.complete
2026-03-22 20:26:41,257 - DEBUG - response_closed.started
2026-03-22 20:26:41,257 - DEBUG - response_closed.complete
2026-03-22 20:26:41,263 - DEBUG - send_request_headers.started request=<Request [b'GET']>
2026-03-22 20:26:41,264 - DEBUG - send_request_headers.complete
2026-03-22 20:26:41,264 - DEBUG - send_request_body.started request=<Request [b'GET']>
2026-03-22 20:26:41,266 - DEBUG - send_request_body.complete
2026-03-22 20:26:41,267 - DEBUG - receive_response_headers.started request=<Request [b'GET']>
2026-03-22 20:26:41,454 - DEBUG - receive_response_headers.complete return_value=(b'HTTP/1.1', 200, b'OK', [(b'Content-Type', b'application/json; charset=utf-8'), (b'Transfer-Encoding', b'chunked'), (b'Connection', b'keep-alive'), (b'Date', b'Sun, 22 Mar 2026 23:26:41 GMT'), (b'content-encoding', b'gzip'), (b'ETag', b'W/"7b8-h9JI9aGTNoz2DNPliurF8O/8ybk"'), (b'X-Powered-By', b'huggingface-moon'), (b'X-Request-Id', b'Root=1-69c07ab1-6b15156264269e9e17e8913c;cbbdb638-73fa-4959-8c12-37d7703ea765'), (b'RateLimit', b'"api";r=494;t=151'), (b'RateLimit-Policy', b'"fixed window";"api";q=500;w=300'), (b'cross-origin-opener-policy', b'same-origin'), (b'Referrer-Policy', b'strict-origin-when-cross-origin'), (b'Access-Control-Max-Age', b'86400'), (b'Access-Control-Allow-Origin', b'https://huggingface.co'), (b'Vary', b'Origin'), (b'vary', b'Accept-Encoding'), (b'Access-Control-Expose-Headers', b'X-Repo-Commit,X-Request-Id,X-Error-Code,X-Error-Message,X-Total-Count,ETag,Link,Accept-Ranges,Content-Range,X-Linked-Size,X-Linked-ETag,X-Xet-Hash'), (b'X-Cache', b'Miss from cloudfront'), (b'Via', b'1.1 4b6ac8f856a9c51ef044968a35bededc.cloudfront.net (CloudFront)'), (b'X-Amz-Cf-Pop', b'EZE50-P7'), (b'X-Amz-Cf-Id', b'CmI6LGHC7RSXl8YkJEMp3CfW2E17LSp0EaRbMSM2nP78BrFB3tJi9A==')])
2026-03-22 20:26:41,457 - INFO - HTTP Request: GET https://huggingface.co/api/models/Systran/faster-whisper-base/revision/main "HTTP/1.1 200 OK"
2026-03-22 20:26:41,458 - DEBUG - receive_response_body.started request=<Request [b'GET']>
2026-03-22 20:26:41,459 - DEBUG - receive_response_body.complete
2026-03-22 20:26:41,460 - DEBUG - response_closed.started
2026-03-22 20:26:41,460 - DEBUG - response_closed.complete
2026-03-22 20:27:03,041 - INFO - Iniciando aplicación...
2026-03-22 20:27:03,064 - INFO - QApplication creado
2026-03-22 20:27:03,101 - INFO - MainWindow creado
2026-03-22 20:27:03,295 - INFO - Ventana mostrada
2026-03-22 20:27:03,296 - INFO - Entrando al event loop
2026-03-22 20:27:03,311 - INFO - Iniciando threads...
2026-03-22 20:27:03,327 - INFO - Threads iniciados exitosamente
2026-03-22 20:27:05,103 - INFO - Iniciando prueba automática de audio...
2026-03-22 20:27:05,108 - INFO - start_listening() llamado
2026-03-22 20:27:05,109 - INFO - Cargando modelo Whisper...
2026-03-22 20:27:05,879 - DEBUG - connect_tcp.started host='huggingface.co' port=443 local_address=None timeout=None socket_options=None
2026-03-22 20:27:06,006 - DEBUG - connect_tcp.complete return_value=<httpcore._backends.sync.SyncStream object at 0x000001C8CF4EBA10>
2026-03-22 20:27:06,007 - DEBUG - start_tls.started ssl_context=<ssl.SSLContext object at 0x000001C8CF501AC0> server_hostname='huggingface.co' timeout=None
2026-03-22 20:27:06,043 - DEBUG - start_tls.complete return_value=<httpcore._backends.sync.SyncStream object at 0x000001C8CF4A74D0>
2026-03-22 20:27:06,043 - DEBUG - send_request_headers.started request=<Request [b'GET']>
2026-03-22 20:27:06,044 - DEBUG - send_request_headers.complete
2026-03-22 20:27:06,044 - DEBUG - send_request_body.started request=<Request [b'GET']>
2026-03-22 20:27:06,044 - DEBUG - send_request_body.complete
2026-03-22 20:27:06,045 - DEBUG - receive_response_headers.started request=<Request [b'GET']>
2026-03-22 20:27:06,247 - DEBUG - receive_response_headers.complete return_value=(b'HTTP/1.1', 200, b'OK', [(b'Content-Type', b'application/json; charset=utf-8'), (b'Transfer-Encoding', b'chunked'), (b'Connection', b'keep-alive'), (b'Date', b'Sun, 22 Mar 2026 23:27:06 GMT'), (b'Access-Control-Expose-Headers', b'X-Repo-Commit,X-Request-Id,X-Error-Code,X-Error-Message,X-Total-Count,ETag,Link,Accept-Ranges,Content-Range,X-Linked-Size,X-Linked-ETag,X-Xet-Hash'), (b'content-encoding', b'gzip'), (b'X-Powered-By', b'huggingface-moon'), (b'X-Request-Id', b'Root=1-69c07aca-0e919b3b75affbb60b35f7b8;f78fc25e-1eaa-4e6f-994c-d3dbe960fe75'), (b'RateLimit', b'"api";r=499;t=246'), (b'RateLimit-Policy', b'"fixed window";"api";q=500;w=300'), (b'cross-origin-opener-policy', b'same-origin'), (b'Referrer-Policy', b'strict-origin-when-cross-origin'), (b'Access-Control-Max-Age', b'86400'), (b'Access-Control-Allow-Origin', b'https://huggingface.co'), (b'Vary', b'Origin'), (b'vary', b'accept-encoding'), (b'ETag', b'W/"7b8-h9JI9aGTNoz2DNPliurF8O/8ybk"'), (b'X-Cache', b'Miss from cloudfront'), (b'Via', b'1.1 eb7f781f08bd75b03a49dcfca343db62.cloudfront.net (CloudFront)'), (b'X-Amz-Cf-Pop', b'EZE50-P7'), (b'X-Amz-Cf-Id', b'MYK7_NpfaBXFOnb-NkFnLnA6wFhcqNrf9XmIXX30n1GOCkaZXtlBvA==')])
2026-03-22 20:27:06,250 - INFO - HTTP Request: GET https://huggingface.co/api/models/Systran/faster-whisper-base/revision/main "HTTP/1.1 200 OK"
2026-03-22 20:27:06,251 - DEBUG - receive_response_body.started request=<Request [b'GET']>
2026-03-22 20:27:06,252 - DEBUG - receive_response_body.complete
2026-03-22 20:27:06,253 - DEBUG - response_closed.started
2026-03-22 20:27:06,254 - DEBUG - response_closed.complete
2026-03-22 20:27:06,291 - DEBUG - send_request_headers.started request=<Request [b'GET']>
2026-03-22 20:27:06,292 - DEBUG - send_request_headers.complete
2026-03-22 20:27:06,292 - DEBUG - send_request_body.started request=<Request [b'GET']>
2026-03-22 20:27:06,292 - DEBUG - send_request_body.complete
2026-03-22 20:27:06,293 - DEBUG - receive_response_headers.started request=<Request [b'GET']>
2026-03-22 20:27:06,480 - DEBUG - receive_response_headers.complete return_value=(b'HTTP/1.1', 200, b'OK', [(b'Content-Type', b'application/json; charset=utf-8'), (b'Transfer-Encoding', b'chunked'), (b'Connection', b'keep-alive'), (b'Date', b'Sun, 22 Mar 2026 23:27:06 GMT'), (b'Access-Control-Expose-Headers', b'X-Repo-Commit,X-Request-Id,X-Error-Code,X-Error-Message,X-Total-Count,ETag,Link,Accept-Ranges,Content-Range,X-Linked-Size,X-Linked-ETag,X-Xet-Hash'), (b'content-encoding', b'gzip'), (b'X-Powered-By', b'huggingface-moon'), (b'X-Request-Id', b'Root=1-69c07aca-1373810c51579849413822e5;b147998b-39d0-4517-926a-f243ce7f08c6'), (b'RateLimit', b'"api";r=498;t=246'), (b'RateLimit-Policy', b'"fixed window";"api";q=500;w=300'), (b'cross-origin-opener-policy', b'same-origin'), (b'Referrer-Policy', b'strict-origin-when-cross-origin'), (b'Access-Control-Max-Age', b'86400'), (b'Access-Control-Allow-Origin', b'https://huggingface.co'), (b'Vary', b'Origin'), (b'vary', b'accept-encoding'), (b'ETag', b'W/"7b8-h9JI9aGTNoz2DNPliurF8O/8ybk"'), (b'X-Cache', b'Miss from cloudfront'), (b'Via', b'1.1 eb7f781f08bd75b03a49dcfca343db62.cloudfront.net (CloudFront)'), (b'X-Amz-Cf-Pop', b'EZE50-P7'), (b'X-Amz-Cf-Id', b'PXjR6tO0gboPBVwdMCXpxhm_SOsnZQH1YWjRfTHhdsHodnpm1snwIg==')])
2026-03-22 20:27:06,482 - INFO - HTTP Request: GET https://huggingface.co/api/models/Systran/faster-whisper-base/revision/main "HTTP/1.1 200 OK"
2026-03-22 20:27:06,482 - DEBUG - receive_response_body.started request=<Request [b'GET']>
2026-03-22 20:27:06,483 - DEBUG - receive_response_body.complete
2026-03-22 20:27:06,484 - DEBUG - response_closed.started
2026-03-22 20:27:06,485 - DEBUG - response_closed.complete
2026-03-22 20:27:06,495 - DEBUG - send_request_headers.started request=<Request [b'GET']>
2026-03-22 20:27:06,496 - DEBUG - send_request_headers.complete
2026-03-22 20:27:06,496 - DEBUG - send_request_body.started request=<Request [b'GET']>
2026-03-22 20:27:06,497 - DEBUG - send_request_body.complete
2026-03-22 20:27:06,497 - DEBUG - receive_response_headers.started request=<Request [b'GET']>
2026-03-22 20:27:06,695 - DEBUG - receive_response_headers.complete return_value=(b'HTTP/1.1', 200, b'OK', [(b'Content-Type', b'application/json; charset=utf-8'), (b'Transfer-Encoding', b'chunked'), (b'Connection', b'keep-alive'), (b'Date', b'Sun, 22 Mar 2026 23:27:06 GMT'), (b'Access-Control-Expose-Headers', b'X-Repo-Commit,X-Request-Id,X-Error-Code,X-Error-Message,X-Total-Count,ETag,Link,Accept-Ranges,Content-Range,X-Linked-Size,X-Linked-ETag,X-Xet-Hash'), (b'content-encoding', b'gzip'), (b'X-Powered-By', b'huggingface-moon'), (b'X-Request-Id', b'Root=1-69c07aca-003e1b193dff785a53288268;c2ab34bf-b35c-4467-a669-09a91832b453'), (b'RateLimit', b'"api";r=497;t=246'), (b'RateLimit-Policy', b'"fixed window";"api";q=500;w=300'), (b'cross-origin-opener-policy', b'same-origin'), (b'Referrer-Policy', b'strict-origin-when-cross-origin'), (b'Access-Control-Max-Age', b'86400'), (b'Access-Control-Allow-Origin', b'https://huggingface.co'), (b'Vary', b'Origin'), (b'vary', b'accept-encoding'), (b'ETag', b'W/"7b8-h9JI9aGTNoz2DNPliurF8O/8ybk"'), (b'X-Cache', b'Miss from cloudfront'), (b'Via', b'1.1 eb7f781f08bd75b03a49dcfca343db62.cloudfront.net (CloudFront)'), (b'X-Amz-Cf-Pop', b'EZE50-P7'), (b'X-Amz-Cf-Id', b'-tZ_m1VgzIMlIDBA5biX6fz8IdGKeRhVvtNRroe13YwpqVMgyypEsg==')])
2026-03-22 20:27:06,698 - INFO - HTTP Request: GET https://huggingface.co/api/models/Systran/faster-whisper-base/revision/main "HTTP/1.1 200 OK"
2026-03-22 20:27:06,699 - DEBUG - receive_response_body.started request=<Request [b'GET']>
2026-03-22 20:27:06,700 - DEBUG - receive_response_body.complete
2026-03-22 20:27:06,700 - DEBUG - response_closed.started
2026-03-22 20:27:06,701 - DEBUG - response_closed.complete
2026-03-22 20:27:21,711 - INFO - Iniciando aplicación...
2026-03-22 20:27:21,747 - INFO - QApplication creado
2026-03-22 20:27:21,790 - INFO - MainWindow creado
2026-03-22 20:27:21,962 - INFO - Ventana mostrada
2026-03-22 20:27:21,963 - INFO - Entrando al event loop
2026-03-22 20:27:21,972 - INFO - Iniciando threads...
2026-03-22 20:27:21,973 - INFO - Threads iniciados exitosamente
2026-03-22 20:27:23,801 - INFO - Iniciando prueba automática de audio...
2026-03-22 20:27:23,803 - INFO - start_listening() llamado
2026-03-22 20:27:23,804 - INFO - Cargando modelo Whisper...
2026-03-22 20:27:24,518 - DEBUG - connect_tcp.started host='huggingface.co' port=443 local_address=None timeout=None socket_options=None
2026-03-22 20:27:24,558 - DEBUG - connect_tcp.complete return_value=<httpcore._backends.sync.SyncStream object at 0x0000024153B2BA10>
2026-03-22 20:27:24,559 - DEBUG - start_tls.started ssl_context=<ssl.SSLContext object at 0x0000024153B41AC0> server_hostname='huggingface.co' timeout=None
2026-03-22 20:27:24,593 - DEBUG - start_tls.complete return_value=<httpcore._backends.sync.SyncStream object at 0x0000024153AE74D0>
2026-03-22 20:27:24,594 - DEBUG - send_request_headers.started request=<Request [b'GET']>
2026-03-22 20:27:24,595 - DEBUG - send_request_headers.complete
2026-03-22 20:27:24,595 - DEBUG - send_request_body.started request=<Request [b'GET']>
2026-03-22 20:27:24,596 - DEBUG - send_request_body.complete
2026-03-22 20:27:24,596 - DEBUG - receive_response_headers.started request=<Request [b'GET']>
2026-03-22 20:27:24,792 - DEBUG - receive_response_headers.complete return_value=(b'HTTP/1.1', 200, b'OK', [(b'Content-Type', b'application/json; charset=utf-8'), (b'Transfer-Encoding', b'chunked'), (b'Connection', b'keep-alive'), (b'Date', b'Sun, 22 Mar 2026 23:27:24 GMT'), (b'Access-Control-Expose-Headers', b'X-Repo-Commit,X-Request-Id,X-Error-Code,X-Error-Message,X-Total-Count,ETag,Link,Accept-Ranges,Content-Range,X-Linked-Size,X-Linked-ETag,X-Xet-Hash'), (b'content-encoding', b'gzip'), (b'X-Powered-By', b'huggingface-moon'), (b'X-Request-Id', b'Root=1-69c07adc-52b4539d67e62abb6b97a2de;fd75c399-d5d2-47ae-a39a-a47ae801fcb3'), (b'RateLimit', b'"api";r=496;t=228'), (b'RateLimit-Policy', b'"fixed window";"api";q=500;w=300'), (b'cross-origin-opener-policy', b'same-origin'), (b'Referrer-Policy', b'strict-origin-when-cross-origin'), (b'Access-Control-Max-Age', b'86400'), (b'Access-Control-Allow-Origin', b'https://huggingface.co'), (b'Vary', b'Origin'), (b'vary', b'accept-encoding'), (b'ETag', b'W/"7b8-h9JI9aGTNoz2DNPliurF8O/8ybk"'), (b'X-Cache', b'Miss from cloudfront'), (b'Via', b'1.1 d1a124b1a9c3ad193facfe43399e13fe.cloudfront.net (CloudFront)'), (b'X-Amz-Cf-Pop', b'EZE50-P7'), (b'X-Amz-Cf-Id', b'BxNflkT4XL6LQBJ6pHhF9x8RYJe9IO6HBfJIo9AXJcpnEUtYDB4Smw==')])
2026-03-22 20:27:24,794 - INFO - HTTP Request: GET https://huggingface.co/api/models/Systran/faster-whisper-base/revision/main "HTTP/1.1 200 OK"
2026-03-22 20:27:24,795 - DEBUG - receive_response_body.started request=<Request [b'GET']>
2026-03-22 20:27:24,796 - DEBUG - receive_response_body.complete
2026-03-22 20:27:24,796 - DEBUG - response_closed.started
2026-03-22 20:27:24,797 - DEBUG - response_closed.complete
2026-03-22 20:27:24,837 - DEBUG - send_request_headers.started request=<Request [b'GET']>
2026-03-22 20:27:24,838 - DEBUG - send_request_headers.complete
2026-03-22 20:27:24,838 - DEBUG - send_request_body.started request=<Request [b'GET']>
2026-03-22 20:27:24,838 - DEBUG - send_request_body.complete
2026-03-22 20:27:24,839 - DEBUG - receive_response_headers.started request=<Request [b'GET']>
2026-03-22 20:27:25,030 - DEBUG - receive_response_headers.complete return_value=(b'HTTP/1.1', 200, b'OK', [(b'Content-Type', b'application/json; charset=utf-8'), (b'Transfer-Encoding', b'chunked'), (b'Connection', b'keep-alive'), (b'Date', b'Sun, 22 Mar 2026 23:27:24 GMT'), (b'content-encoding', b'gzip'), (b'ETag', b'W/"7b8-h9JI9aGTNoz2DNPliurF8O/8ybk"'), (b'X-Powered-By', b'huggingface-moon'), (b'X-Request-Id', b'Root=1-69c07adc-2f3fe55e432e73b97a391e7e;8c25f2e5-0650-436d-8373-8f5d252f34e9'), (b'RateLimit', b'"api";r=495;t=228'), (b'RateLimit-Policy', b'"fixed window";"api";q=500;w=300'), (b'cross-origin-opener-policy', b'same-origin'), (b'Referrer-Policy', b'strict-origin-when-cross-origin'), (b'Access-Control-Max-Age', b'86400'), (b'Access-Control-Allow-Origin', b'https://huggingface.co'), (b'Vary', b'Origin'), (b'vary', b'Accept-Encoding'), (b'Access-Control-Expose-Headers', b'X-Repo-Commit,X-Request-Id,X-Error-Code,X-Error-Message,X-Total-Count,ETag,Link,Accept-Ranges,Content-Range,X-Linked-Size,X-Linked-ETag,X-Xet-Hash'), (b'X-Cache', b'Miss from cloudfront'), (b'Via', b'1.1 d1a124b1a9c3ad193facfe43399e13fe.cloudfront.net (CloudFront)'), (b'X-Amz-Cf-Pop', b'EZE50-P7'), (b'X-Amz-Cf-Id', b'EH1raJYJ5fYTd5s3niUqSk3EViEbYZv6jL9QX2FQgPEMT3emxx6YhA==')])
2026-03-22 20:27:25,032 - INFO - HTTP Request: GET https://huggingface.co/api/models/Systran/faster-whisper-base/revision/main "HTTP/1.1 200 OK"
2026-03-22 20:27:25,033 - DEBUG - receive_response_body.started request=<Request [b'GET']>
2026-03-22 20:27:25,034 - DEBUG - receive_response_body.complete
2026-03-22 20:27:25,035 - DEBUG - response_closed.started
2026-03-22 20:27:25,035 - DEBUG - response_closed.complete
2026-03-22 20:27:25,045 - DEBUG - send_request_headers.started request=<Request [b'GET']>
2026-03-22 20:27:25,046 - DEBUG - send_request_headers.complete
2026-03-22 20:27:25,047 - DEBUG - send_request_body.started request=<Request [b'GET']>
2026-03-22 20:27:25,047 - DEBUG - send_request_body.complete
2026-03-22 20:27:25,047 - DEBUG - receive_response_headers.started request=<Request [b'GET']>
2026-03-22 20:27:25,239 - DEBUG - receive_response_headers.complete return_value=(b'HTTP/1.1', 200, b'OK', [(b'Content-Type', b'application/json; charset=utf-8'), (b'Transfer-Encoding', b'chunked'), (b'Connection', b'keep-alive'), (b'Date', b'Sun, 22 Mar 2026 23:27:25 GMT'), (b'Access-Control-Expose-Headers', b'X-Repo-Commit,X-Request-Id,X-Error-Code,X-Error-Message,X-Total-Count,ETag,Link,Accept-Ranges,Content-Range,X-Linked-Size,X-Linked-ETag,X-Xet-Hash'), (b'content-encoding', b'gzip'), (b'X-Powered-By', b'huggingface-moon'), (b'X-Request-Id', b'Root=1-69c07add-6b48fa035f72a9cc2beb2150;e13d329a-8fc7-4328-b3a8-b10a5d0144ed'), (b'RateLimit', b'"api";r=494;t=227'), (b'RateLimit-Policy', b'"fixed window";"api";q=500;w=300'), (b'cross-origin-opener-policy', b'same-origin'), (b'Referrer-Policy', b'strict-origin-when-cross-origin'), (b'Access-Control-Max-Age', b'86400'), (b'Access-Control-Allow-Origin', b'https://huggingface.co'), (b'Vary', b'Origin'), (b'vary', b'accept-encoding'), (b'ETag', b'W/"7b8-h9JI9aGTNoz2DNPliurF8O/8ybk"'), (b'X-Cache', b'Miss from cloudfront'), (b'Via', b'1.1 d1a124b1a9c3ad193facfe43399e13fe.cloudfront.net (CloudFront)'), (b'X-Amz-Cf-Pop', b'EZE50-P7'), (b'X-Amz-Cf-Id', b'-ijYmrULDKeTQ8yFX3kv6dRYYY07-cb2ntD40urfcMrhGU-i1kKCGA==')])
2026-03-22 20:27:25,241 - INFO - HTTP Request: GET https://huggingface.co/api/models/Systran/faster-whisper-base/revision/main "HTTP/1.1 200 OK"
2026-03-22 20:27:25,241 - DEBUG - receive_response_body.started request=<Request [b'GET']>
2026-03-22 20:27:25,242 - DEBUG - receive_response_body.complete
2026-03-22 20:27:25,243 - DEBUG - response_closed.started
2026-03-22 20:27:25,244 - DEBUG - response_closed.complete
2026-03-26 07:43:05,539 - INFO - Iniciando aplicación...
2026-03-26 07:43:05,600 - INFO - QApplication creado
2026-03-26 07:43:05,653 - INFO - MainWindow creado
2026-03-26 07:43:05,986 - INFO - Ventana mostrada
2026-03-26 07:43:05,994 - INFO - Entrando al event loop
2026-03-26 07:43:06,013 - INFO - Iniciando threads...
2026-03-26 07:43:06,015 - INFO - Threads iniciados exitosamente
2026-03-26 07:43:08,851 - ERROR - Señal recibida: 2
2026-03-26 07:43:38,811 - INFO - Iniciando aplicación...
2026-03-26 07:43:38,850 - INFO - QApplication creado
2026-03-26 07:43:38,900 - INFO - MainWindow creado
2026-03-26 07:43:39,189 - INFO - Ventana mostrada
2026-03-26 07:43:39,189 - INFO - Entrando al event loop
2026-03-26 07:43:39,210 - INFO - Iniciando threads...
2026-03-26 07:43:39,212 - INFO - Threads iniciados exitosamente
2026-03-26 07:43:41,915 - ERROR - Señal recibida: 2
2026-03-29 20:23:47,919 - INFO - Iniciando aplicación...
2026-03-29 20:23:48,176 - INFO - QApplication creado
2026-03-29 20:23:48,256 - INFO - MainWindow creado
2026-03-29 20:23:48,649 - INFO - Ventana mostrada
2026-03-29 20:23:48,650 - INFO - Entrando al event loop
2026-03-29 20:23:48,685 - INFO - Iniciando threads...
2026-03-29 20:23:48,685 - INFO - Threads iniciados exitosamente
2026-03-29 20:24:45,906 - INFO - start_listening() llamado
2026-03-29 20:24:45,907 - INFO - Cargando modelo Whisper en segundo plano...
2026-03-29 20:24:47,122 - DEBUG - connect_tcp.started host='huggingface.co' port=443 local_address=None timeout=None socket_options=None
2026-03-29 20:24:48,610 - DEBUG - connect_tcp.complete return_value=<httpcore._backends.sync.SyncStream object at 0x00000296D55AC440>
2026-03-29 20:24:48,612 - DEBUG - start_tls.started ssl_context=<ssl.SSLContext object at 0x00000296D54EDEB0> server_hostname='huggingface.co' timeout=None
2026-03-29 20:24:48,816 - DEBUG - start_tls.complete return_value=<httpcore._backends.sync.SyncStream object at 0x00000296D541B9D0>
2026-03-29 20:24:48,816 - DEBUG - send_request_headers.started request=<Request [b'GET']>
2026-03-29 20:24:48,817 - DEBUG - send_request_headers.complete
2026-03-29 20:24:48,818 - DEBUG - send_request_body.started request=<Request [b'GET']>
2026-03-29 20:24:48,818 - DEBUG - send_request_body.complete
2026-03-29 20:24:48,818 - DEBUG - receive_response_headers.started request=<Request [b'GET']>
2026-03-29 20:24:49,115 - DEBUG - receive_response_headers.complete return_value=(b'HTTP/1.1', 200, b'OK', [(b'Content-Type', b'application/json; charset=utf-8'), (b'Transfer-Encoding', b'chunked'), (b'Connection', b'keep-alive'), (b'Date', b'Sun, 29 Mar 2026 23:24:48 GMT'), (b'content-encoding', b'gzip'), (b'ETag', b'W/"7cb-zHT6ILN7Zq25QC43lqYluJ502Kg"'), (b'X-Powered-By', b'huggingface-moon'), (b'X-Request-Id', b'Root=1-69c9b4c0-2a7e14392949bce1122bf193;69dd6348-01de-4ed5-9ebe-21fc8fc37265'), (b'RateLimit', b'"api";r=499;t=264'), (b'RateLimit-Policy', b'"fixed window";"api";q=500;w=300'), (b'cross-origin-opener-policy', b'same-origin'), (b'Referrer-Policy', b'strict-origin-when-cross-origin'), (b'Access-Control-Max-Age', b'86400'), (b'Access-Control-Allow-Origin', b'https://huggingface.co'), (b'Vary', b'Origin'), (b'vary', b'Accept-Encoding'), (b'Access-Control-Expose-Headers', b'X-Repo-Commit,X-Request-Id,X-Error-Code,X-Error-Message,X-Total-Count,ETag,Link,Accept-Ranges,Content-Range,X-Linked-Size,X-Linked-ETag,X-Xet-Hash'), (b'X-Cache', b'Miss from cloudfront'), (b'Via', b'1.1 6a7fea13bc8f4f961f7c600b92fa54f4.cloudfront.net (CloudFront)'), (b'X-Amz-Cf-Pop', b'EZE50-P7'), (b'X-Amz-Cf-Id', b'C1Y14s_AialeJtxo0pB_XcQwQA4YWTMCAbOqo7_8SW9vo7XOkoPIbQ==')])
2026-03-29 20:24:49,118 - INFO - HTTP Request: GET https://huggingface.co/api/models/Systran/faster-whisper-base/revision/main "HTTP/1.1 200 OK"
2026-03-29 20:24:49,120 - DEBUG - receive_response_body.started request=<Request [b'GET']>
2026-03-29 20:24:49,121 - DEBUG - receive_response_body.complete
2026-03-29 20:24:49,122 - DEBUG - response_closed.started
2026-03-29 20:24:49,123 - DEBUG - response_closed.complete
2026-03-29 20:24:49,235 - DEBUG - send_request_headers.started request=<Request [b'GET']>
2026-03-29 20:24:49,235 - DEBUG - send_request_headers.complete
2026-03-29 20:24:49,235 - DEBUG - send_request_body.started request=<Request [b'GET']>
2026-03-29 20:24:49,236 - DEBUG - send_request_body.complete
2026-03-29 20:24:49,236 - DEBUG - receive_response_headers.started request=<Request [b'GET']>
2026-03-29 20:24:49,596 - DEBUG - receive_response_headers.complete return_value=(b'HTTP/1.1', 200, b'OK', [(b'Content-Type', b'application/json; charset=utf-8'), (b'Transfer-Encoding', b'chunked'), (b'Connection', b'keep-alive'), (b'Date', b'Sun, 29 Mar 2026 23:24:49 GMT'), (b'content-encoding', b'gzip'), (b'ETag', b'W/"7cb-zHT6ILN7Zq25QC43lqYluJ502Kg"'), (b'X-Powered-By', b'huggingface-moon'), (b'X-Request-Id', b'Root=1-69c9b4c1-5750522f45c9859d3da253a3;cd6e3bae-47cd-4bcd-b64b-c509e32dc25b'), (b'RateLimit', b'"api";r=498;t=263'), (b'RateLimit-Policy', b'"fixed window";"api";q=500;w=300'), (b'cross-origin-opener-policy', b'same-origin'), (b'Referrer-Policy', b'strict-origin-when-cross-origin'), (b'Access-Control-Max-Age', b'86400'), (b'Access-Control-Allow-Origin', b'https://huggingface.co'), (b'Vary', b'Origin'), (b'vary', b'Accept-Encoding'), (b'Access-Control-Expose-Headers', b'X-Repo-Commit,X-Request-Id,X-Error-Code,X-Error-Message,X-Total-Count,ETag,Link,Accept-Ranges,Content-Range,X-Linked-Size,X-Linked-ETag,X-Xet-Hash'), (b'X-Cache', b'Miss from cloudfront'), (b'Via', b'1.1 6a7fea13bc8f4f961f7c600b92fa54f4.cloudfront.net (CloudFront)'), (b'X-Amz-Cf-Pop', b'EZE50-P7'), (b'X-Amz-Cf-Id', b'o7ZZe7MbAE0SBHaaRMU1k0QpUgLJ35A6t_uDve7ccEPneDtQP4inpQ==')])
2026-03-29 20:24:49,597 - INFO - HTTP Request: GET https://huggingface.co/api/models/Systran/faster-whisper-base/revision/main "HTTP/1.1 200 OK"
2026-03-29 20:24:49,597 - DEBUG - receive_response_body.started request=<Request [b'GET']>
2026-03-29 20:24:49,602 - DEBUG - receive_response_body.complete
2026-03-29 20:24:49,603 - DEBUG - response_closed.started
2026-03-29 20:24:49,604 - DEBUG - response_closed.complete
2026-03-29 20:24:49,610 - DEBUG - send_request_headers.started request=<Request [b'GET']>
2026-03-29 20:24:49,611 - DEBUG - send_request_headers.complete
2026-03-29 20:24:49,611 - DEBUG - send_request_body.started request=<Request [b'GET']>
2026-03-29 20:24:49,612 - DEBUG - send_request_body.complete
2026-03-29 20:24:49,613 - DEBUG - receive_response_headers.started request=<Request [b'GET']>
2026-03-29 20:24:50,524 - DEBUG - receive_response_headers.complete return_value=(b'HTTP/1.1', 200, b'OK', [(b'Content-Type', b'application/json; charset=utf-8'), (b'Transfer-Encoding', b'chunked'), (b'Connection', b'keep-alive'), (b'Date', b'Sun, 29 Mar 2026 23:24:49 GMT'), (b'content-encoding', b'gzip'), (b'ETag', b'W/"7cb-zHT6ILN7Zq25QC43lqYluJ502Kg"'), (b'X-Powered-By', b'huggingface-moon'), (b'X-Request-Id', b'Root=1-69c9b4c1-4229b13b38ce2b0b63739564;02c48800-e202-4805-b3f8-ad91484621ce'), (b'RateLimit', b'"api";r=497;t=263'), (b'RateLimit-Policy', b'"fixed window";"api";q=500;w=300'), (b'cross-origin-opener-policy', b'same-origin'), (b'Referrer-Policy', b'strict-origin-when-cross-origin'), (b'Access-Control-Max-Age', b'86400'), (b'Access-Control-Allow-Origin', b'https://huggingface.co'), (b'Vary', b'Origin'), (b'vary', b'Accept-Encoding'), (b'Access-Control-Expose-Headers', b'X-Repo-Commit,X-Request-Id,X-Error-Code,X-Error-Message,X-Total-Count,ETag,Link,Accept-Ranges,Content-Range,X-Linked-Size,X-Linked-ETag,X-Xet-Hash'), (b'X-Cache', b'Miss from cloudfront'), (b'Via', b'1.1 6a7fea13bc8f4f961f7c600b92fa54f4.cloudfront.net (CloudFront)'), (b'X-Amz-Cf-Pop', b'EZE50-P7'), (b'X-Amz-Cf-Id', b'-R3tyHTi4epnHkE-4XWOpZTZHHlETa99gSNgavn1-WOZiRcmj7lOUg==')])
2026-03-29 20:24:50,526 - INFO - HTTP Request: GET https://huggingface.co/api/models/Systran/faster-whisper-base/revision/main "HTTP/1.1 200 OK"
2026-03-29 20:24:50,527 - DEBUG - receive_response_body.started request=<Request [b'GET']>
2026-03-29 20:24:50,691 - DEBUG - receive_response_body.complete
2026-03-29 20:24:50,692 - DEBUG - response_closed.started
2026-03-29 20:24:50,693 - DEBUG - response_closed.complete
2026-04-01 08:28:27,897 - INFO - Iniciando aplicación...
2026-04-01 08:28:28,032 - INFO - QApplication creado
2026-04-01 08:28:28,096 - INFO - MainWindow creado
2026-04-01 08:28:28,529 - INFO - Ventana mostrada
2026-04-01 08:28:28,529 - INFO - Entrando al event loop
2026-04-01 08:28:28,551 - INFO - Iniciando threads...
2026-04-01 08:28:28,556 - INFO - Threads iniciados exitosamente
2026-04-01 08:29:04,041 - INFO - start_listening() llamado
2026-04-01 08:29:04,042 - INFO - Cargando modelo Whisper en segundo plano...
2026-04-01 08:29:06,745 - DEBUG - connect_tcp.started host='huggingface.co' port=443 local_address=None timeout=None socket_options=None
2026-04-01 08:29:06,896 - DEBUG - connect_tcp.complete return_value=<httpcore._backends.sync.SyncStream object at 0x00000184FFD5C440>
2026-04-01 08:29:06,898 - DEBUG - start_tls.started ssl_context=<ssl.SSLContext object at 0x00000184FFC9DE20> server_hostname='huggingface.co' timeout=None
2026-04-01 08:29:07,020 - DEBUG - start_tls.complete return_value=<httpcore._backends.sync.SyncStream object at 0x00000184FFBCF9D0>
2026-04-01 08:29:07,021 - DEBUG - send_request_headers.started request=<Request [b'GET']>
2026-04-01 08:29:07,024 - DEBUG - send_request_headers.complete
2026-04-01 08:29:07,025 - DEBUG - send_request_body.started request=<Request [b'GET']>
2026-04-01 08:29:07,026 - DEBUG - send_request_body.complete
2026-04-01 08:29:07,027 - DEBUG - receive_response_headers.started request=<Request [b'GET']>
2026-04-01 08:29:07,306 - DEBUG - receive_response_headers.complete return_value=(b'HTTP/1.1', 200, b'OK', [(b'Content-Type', b'application/json; charset=utf-8'), (b'Transfer-Encoding', b'chunked'), (b'Connection', b'keep-alive'), (b'Date', b'Wed, 01 Apr 2026 11:29:06 GMT'), (b'content-encoding', b'gzip'), (b'ETag', b'W/"7cb-pw/NS6dObMc1TBjwEuHzmSMu8KA"'), (b'X-Powered-By', b'huggingface-moon'), (b'X-Request-Id', b'Root=1-69cd0182-4d4cf0ad7948c9090dc0e173;0c4e9107-6a03-4dbc-be9f-471c0b39bad0'), (b'RateLimit', b'"api";r=499;t=146'), (b'RateLimit-Policy', b'"fixed window";"api";q=500;w=300'), (b'cross-origin-opener-policy', b'same-origin'), (b'Referrer-Policy', b'strict-origin-when-cross-origin'), (b'Access-Control-Max-Age', b'86400'), (b'Access-Control-Allow-Origin', b'https://huggingface.co'), (b'Vary', b'Origin'), (b'vary', b'Accept-Encoding'), (b'Access-Control-Expose-Headers', b'X-Repo-Commit,X-Request-Id,X-Error-Code,X-Error-Message,X-Total-Count,ETag,Link,Accept-Ranges,Content-Range,X-Linked-Size,X-Linked-ETag,X-Xet-Hash'), (b'X-Cache', b'Miss from cloudfront'), (b'Via', b'1.1 eed7bd53ac21bb2ec20f7056a2f8ebfa.cloudfront.net (CloudFront)'), (b'X-Amz-Cf-Pop', b'EZE50-P7'), (b'X-Amz-Cf-Id', b'wp8U85jIEAnsPfUgzjdsdTgGzSWUxLoGQKkdW5OihV3Z6acBIm2KTg==')])
2026-04-01 08:29:07,308 - INFO - HTTP Request: GET https://huggingface.co/api/models/Systran/faster-whisper-base/revision/main "HTTP/1.1 200 OK"
2026-04-01 08:29:07,310 - DEBUG - receive_response_body.started request=<Request [b'GET']>
2026-04-01 08:29:07,312 - DEBUG - receive_response_body.complete
2026-04-01 08:29:07,313 - DEBUG - response_closed.started
2026-04-01 08:29:07,314 - DEBUG - response_closed.complete
2026-04-01 08:29:07,549 - DEBUG - send_request_headers.started request=<Request [b'GET']>
2026-04-01 08:29:07,550 - DEBUG - send_request_headers.complete
2026-04-01 08:29:07,551 - DEBUG - send_request_body.started request=<Request [b'GET']>
2026-04-01 08:29:07,552 - DEBUG - send_request_body.complete
2026-04-01 08:29:07,552 - DEBUG - receive_response_headers.started request=<Request [b'GET']>
2026-04-01 08:29:07,754 - DEBUG - receive_response_headers.complete return_value=(b'HTTP/1.1', 200, b'OK', [(b'Content-Type', b'application/json; charset=utf-8'), (b'Transfer-Encoding', b'chunked'), (b'Connection', b'keep-alive'), (b'Date', b'Wed, 01 Apr 2026 11:29:07 GMT'), (b'content-encoding', b'gzip'), (b'ETag', b'W/"7cb-pw/NS6dObMc1TBjwEuHzmSMu8KA"'), (b'X-Powered-By', b'huggingface-moon'), (b'X-Request-Id', b'Root=1-69cd0183-389c5ad63739d10f5fae148e;e95d3d22-0b03-49f1-9a5d-75ce3959ea0a'), (b'RateLimit', b'"api";r=498;t=145'), (b'RateLimit-Policy', b'"fixed window";"api";q=500;w=300'), (b'cross-origin-opener-policy', b'same-origin'), (b'Referrer-Policy', b'strict-origin-when-cross-origin'), (b'Access-Control-Max-Age', b'86400'), (b'Access-Control-Allow-Origin', b'https://huggingface.co'), (b'Vary', b'Origin'), (b'vary', b'Accept-Encoding'), (b'Access-Control-Expose-Headers', b'X-Repo-Commit,X-Request-Id,X-Error-Code,X-Error-Message,X-Total-Count,ETag,Link,Accept-Ranges,Content-Range,X-Linked-Size,X-Linked-ETag,X-Xet-Hash'), (b'X-Cache', b'Miss from cloudfront'), (b'Via', b'1.1 eed7bd53ac21bb2ec20f7056a2f8ebfa.cloudfront.net (CloudFront)'), (b'X-Amz-Cf-Pop', b'EZE50-P7'), (b'X-Amz-Cf-Id', b'9CLA1TZb-WXEmHXIcrSSZCAclBx6s3wiJABP2jtD7QDfPAC79nF6cg==')])
2026-04-01 08:29:07,756 - INFO - HTTP Request: GET https://huggingface.co/api/models/Systran/faster-whisper-base/revision/main "HTTP/1.1 200 OK"
2026-04-01 08:29:07,757 - DEBUG - receive_response_body.started request=<Request [b'GET']>
2026-04-01 08:29:07,759 - DEBUG - receive_response_body.complete
2026-04-01 08:29:07,760 - DEBUG - response_closed.started
2026-04-01 08:29:07,761 - DEBUG - response_closed.complete
2026-04-01 08:29:07,780 - DEBUG - send_request_headers.started request=<Request [b'GET']>
2026-04-01 08:29:07,782 - DEBUG - send_request_headers.complete
2026-04-01 08:29:07,783 - DEBUG - send_request_body.started request=<Request [b'GET']>
2026-04-01 08:29:07,784 - DEBUG - send_request_body.complete
2026-04-01 08:29:07,785 - DEBUG - receive_response_headers.started request=<Request [b'GET']>
2026-04-01 08:29:08,022 - DEBUG - receive_response_headers.complete return_value=(b'HTTP/1.1', 200, b'OK', [(b'Content-Type', b'application/json; charset=utf-8'), (b'Transfer-Encoding', b'chunked'), (b'Connection', b'keep-alive'), (b'Date', b'Wed, 01 Apr 2026 11:29:07 GMT'), (b'content-encoding', b'gzip'), (b'ETag', b'W/"7cb-pw/NS6dObMc1TBjwEuHzmSMu8KA"'), (b'X-Powered-By', b'huggingface-moon'), (b'X-Request-Id', b'Root=1-69cd0183-13bc3ff4382545aa4ae1c8f0;64bf48f1-27ec-4806-a53d-8ebe25c753ac'), (b'RateLimit', b'"api";r=497;t=145'), (b'RateLimit-Policy', b'"fixed window";"api";q=500;w=300'), (b'cross-origin-opener-policy', b'same-origin'), (b'Referrer-Policy', b'strict-origin-when-cross-origin'), (b'Access-Control-Max-Age', b'86400'), (b'Access-Control-Allow-Origin', b'https://huggingface.co'), (b'Vary', b'Origin'), (b'vary', b'Accept-Encoding'), (b'Access-Control-Expose-Headers', b'X-Repo-Commit,X-Request-Id,X-Error-Code,X-Error-Message,X-Total-Count,ETag,Link,Accept-Ranges,Content-Range,X-Linked-Size,X-Linked-ETag,X-Xet-Hash'), (b'X-Cache', b'Miss from cloudfront'), (b'Via', b'1.1 eed7bd53ac21bb2ec20f7056a2f8ebfa.cloudfront.net (CloudFront)'), (b'X-Amz-Cf-Pop', b'EZE50-P7'), (b'X-Amz-Cf-Id', b'bNlTA1CFQGJZcHfA7-ZySbndcUs-BhIDwWKkcZv4K0jJYI_pf2uXnA==')])
2026-04-01 08:29:08,024 - INFO - HTTP Request: GET https://huggingface.co/api/models/Systran/faster-whisper-base/revision/main "HTTP/1.1 200 OK"
2026-04-01 08:29:08,025 - DEBUG - receive_response_body.started request=<Request [b'GET']>
2026-04-01 08:29:08,026 - DEBUG - receive_response_body.complete
2026-04-01 08:29:08,027 - DEBUG - response_closed.started
2026-04-01 08:29:08,028 - DEBUG - response_closed.complete
2026-04-01 08:35:23,265 - INFO - Iniciando aplicación...
2026-04-01 08:35:23,361 - INFO - QApplication creado
2026-04-01 08:35:23,459 - INFO - MainWindow creado
2026-04-01 08:35:23,931 - INFO - Ventana mostrada
2026-04-01 08:35:23,931 - INFO - Entrando al event loop
2026-04-01 08:35:23,947 - INFO - Iniciando threads...
2026-04-01 08:35:23,948 - INFO - Threads iniciados exitosamente
2026-04-01 08:35:40,160 - INFO - start_listening() llamado
2026-04-01 08:35:40,161 - INFO - Cargando modelo Whisper en segundo plano...
2026-04-01 08:35:40,658 - INFO - Intentando cargar Whisper con device=cpu compute_type=int8
2026-04-01 08:35:41,743 - DEBUG - connect_tcp.started host='huggingface.co' port=443 local_address=None timeout=None socket_options=None
2026-04-01 08:35:41,826 - DEBUG - connect_tcp.complete return_value=<httpcore._backends.sync.SyncStream object at 0x00000134B45D0590>
2026-04-01 08:35:41,827 - DEBUG - start_tls.started ssl_context=<ssl.SSLContext object at 0x00000134B4511D00> server_hostname='huggingface.co' timeout=None
2026-04-01 08:35:41,865 - DEBUG - start_tls.complete return_value=<httpcore._backends.sync.SyncStream object at 0x00000134B443BC50>
2026-04-01 08:35:41,867 - DEBUG - send_request_headers.started request=<Request [b'GET']>
2026-04-01 08:35:41,876 - DEBUG - send_request_headers.complete
2026-04-01 08:35:41,877 - DEBUG - send_request_body.started request=<Request [b'GET']>
2026-04-01 08:35:41,879 - DEBUG - send_request_body.complete
2026-04-01 08:35:41,880 - DEBUG - receive_response_headers.started request=<Request [b'GET']>
2026-04-01 08:35:42,142 - DEBUG - receive_response_headers.complete return_value=(b'HTTP/1.1', 200, b'OK', [(b'Content-Type', b'application/json; charset=utf-8'), (b'Transfer-Encoding', b'chunked'), (b'Connection', b'keep-alive'), (b'Date', b'Wed, 01 Apr 2026 11:35:41 GMT'), (b'content-encoding', b'gzip'), (b'ETag', b'W/"7cb-pw/NS6dObMc1TBjwEuHzmSMu8KA"'), (b'X-Powered-By', b'huggingface-moon'), (b'X-Request-Id', b'Root=1-69cd030d-6ad0d09278d431f90854c889;f3fb57aa-ef3d-4465-b740-f54d62bf4e35'), (b'RateLimit', b'"api";r=499;t=171'), (b'RateLimit-Policy', b'"fixed window";"api";q=500;w=300'), (b'cross-origin-opener-policy', b'same-origin'), (b'Referrer-Policy', b'strict-origin-when-cross-origin'), (b'Access-Control-Max-Age', b'86400'), (b'Access-Control-Allow-Origin', b'https://huggingface.co'), (b'Vary', b'Origin'), (b'vary', b'Accept-Encoding'), (b'Access-Control-Expose-Headers', b'X-Repo-Commit,X-Request-Id,X-Error-Code,X-Error-Message,X-Total-Count,ETag,Link,Accept-Ranges,Content-Range,X-Linked-Size,X-Linked-ETag,X-Xet-Hash'), (b'X-Cache', b'Miss from cloudfront'), (b'Via', b'1.1 66a153a0c0601ad055d2c4919c759b4e.cloudfront.net (CloudFront)'), (b'X-Amz-Cf-Pop', b'EZE50-P7'), (b'X-Amz-Cf-Id', b'QOFDGCNwSF1boE7KvkisWR_zZ5A2Y--YmG_L-gxZKLLbX-zsjlSkpw==')])
2026-04-01 08:35:42,145 - INFO - HTTP Request: GET https://huggingface.co/api/models/Systran/faster-whisper-base/revision/main "HTTP/1.1 200 OK"
2026-04-01 08:35:42,147 - DEBUG - receive_response_body.started request=<Request [b'GET']>
2026-04-01 08:35:42,151 - DEBUG - receive_response_body.complete
2026-04-01 08:35:42,152 - DEBUG - response_closed.started
2026-04-01 08:35:42,153 - DEBUG - response_closed.complete
2026-04-01 08:48:50,945 - INFO - Iniciando aplicación...
2026-04-01 08:48:51,989 - INFO - Precargando Whisper con device=cpu compute_type=int8
2026-04-01 08:48:53,372 - DEBUG - connect_tcp.started host='huggingface.co' port=443 local_address=None timeout=None socket_options=None
2026-04-01 08:48:53,627 - DEBUG - connect_tcp.complete return_value=<httpcore._backends.sync.SyncStream object at 0x00000167F3186510>
2026-04-01 08:48:53,628 - DEBUG - start_tls.started ssl_context=<ssl.SSLContext object at 0x00000167F30CB6E0> server_hostname='huggingface.co' timeout=None
2026-04-01 08:48:53,763 - DEBUG - start_tls.complete return_value=<httpcore._backends.sync.SyncStream object at 0x00000167F307F9D0>
2026-04-01 08:48:53,764 - DEBUG - send_request_headers.started request=<Request [b'GET']>
2026-04-01 08:48:53,767 - DEBUG - send_request_headers.complete
2026-04-01 08:48:53,769 - DEBUG - send_request_body.started request=<Request [b'GET']>
2026-04-01 08:48:53,770 - DEBUG - send_request_body.complete
2026-04-01 08:48:53,771 - DEBUG - receive_response_headers.started request=<Request [b'GET']>
2026-04-01 08:48:53,957 - DEBUG - receive_response_headers.complete return_value=(b'HTTP/1.1', 200, b'OK', [(b'Content-Type', b'application/json; charset=utf-8'), (b'Transfer-Encoding', b'chunked'), (b'Connection', b'keep-alive'), (b'Date', b'Wed, 01 Apr 2026 11:48:53 GMT'), (b'content-encoding', b'gzip'), (b'ETag', b'W/"7cb-pw/NS6dObMc1TBjwEuHzmSMu8KA"'), (b'X-Powered-By', b'huggingface-moon'), (b'X-Request-Id', b'Root=1-69cd0625-11f0f0af52a0c2ff11c93a48;9c23147c-4120-4d56-bf4e-f88aa997c719'), (b'RateLimit', b'"api";r=499;t=279'), (b'RateLimit-Policy', b'"fixed window";"api";q=500;w=300'), (b'cross-origin-opener-policy', b'same-origin'), (b'Referrer-Policy', b'strict-origin-when-cross-origin'), (b'Access-Control-Max-Age', b'86400'), (b'Access-Control-Allow-Origin', b'https://huggingface.co'), (b'Vary', b'Origin'), (b'vary', b'Accept-Encoding'), (b'Access-Control-Expose-Headers', b'X-Repo-Commit,X-Request-Id,X-Error-Code,X-Error-Message,X-Total-Count,ETag,Link,Accept-Ranges,Content-Range,X-Linked-Size,X-Linked-ETag,X-Xet-Hash'), (b'X-Cache', b'Miss from cloudfront'), (b'Via', b'1.1 d31121675203e55f502584ea86567648.cloudfront.net (CloudFront)'), (b'X-Amz-Cf-Pop', b'EZE50-P7'), (b'X-Amz-Cf-Id', b'vJDNqVU9RioCyjqShbYacvxJ0-2vXHAmvmeCU5DIY5JFEkntIGaoTQ==')])
2026-04-01 08:48:53,960 - INFO - HTTP Request: GET https://huggingface.co/api/models/Systran/faster-whisper-base/revision/main "HTTP/1.1 200 OK"
2026-04-01 08:48:53,967 - DEBUG - receive_response_body.started request=<Request [b'GET']>
2026-04-01 08:48:53,969 - DEBUG - receive_response_body.complete
2026-04-01 08:48:53,970 - DEBUG - response_closed.started
2026-04-01 08:48:53,971 - DEBUG - response_closed.complete
2026-04-01 08:48:55,086 - INFO - Whisper precargado correctamente con device=cpu compute_type=int8
2026-04-01 08:48:55,086 - INFO - Modelo Whisper precargado antes de importar Qt
2026-04-01 08:48:55,477 - INFO - QApplication creado
2026-04-01 08:48:55,528 - INFO - MainWindow creado
2026-04-01 08:48:56,151 - INFO - Ventana mostrada
2026-04-01 08:48:56,151 - INFO - Entrando al event loop
2026-04-01 08:48:56,170 - INFO - Iniciando threads...
2026-04-01 08:48:56,171 - INFO - Threads iniciados exitosamente
2026-04-01 08:49:11,874 - INFO - start_listening() llamado
2026-04-01 08:49:11,883 - INFO - Solicitando inicio de audio...
2026-04-01 08:49:11,895 - INFO - start_stream() llamado
2026-04-01 08:49:11,899 - INFO - Inicializando segmentos y buffer
2026-04-01 08:49:11,915 - INFO - Creando InputStream...
2026-04-01 08:49:12,244 - INFO - InputStream creado exitosamente
2026-04-01 08:49:12,244 - INFO - Iniciando stream...
2026-04-01 08:49:12,245 - INFO - Stream iniciado
2026-04-01 08:49:12,246 - INFO - Estado _running establecido a True
2026-04-01 08:49:12,246 - INFO - Señal status_changed.emit enviada
2026-04-01 08:50:25,185 - INFO - closeEvent llamado - cerrando aplicación
2026-04-01 08:50:25,186 - INFO - stop_listening ejecutado
2026-04-01 08:50:25,186 - INFO - audio_thread.quit() ejecutado
2026-04-01 08:50:25,188 - INFO - audio_thread.wait() completado
2026-04-01 08:50:25,189 - INFO - transcriber.shutdown() ejecutado
2026-04-01 08:50:25,190 - INFO - closeEvent completado
2026-04-01 08:50:25,287 - INFO - Event loop finalizado con código: 0
2026-04-01 08:50:25,384 - DEBUG - close.started
2026-04-01 08:50:25,390 - DEBUG - close.complete
2026-04-01 08:55:10,273 - INFO - Iniciando aplicación...
2026-04-01 08:55:11,272 - INFO - Precargando Whisper con device=cpu compute_type=int8
2026-04-01 08:55:12,874 - DEBUG - connect_tcp.started host='huggingface.co' port=443 local_address=None timeout=None socket_options=None
2026-04-01 08:55:12,972 - DEBUG - connect_tcp.complete return_value=<httpcore._backends.sync.SyncStream object at 0x000001AC88C06510>
2026-04-01 08:55:12,973 - DEBUG - start_tls.started ssl_context=<ssl.SSLContext object at 0x000001AC88B4B6E0> server_hostname='huggingface.co' timeout=None
2026-04-01 08:55:13,033 - DEBUG - start_tls.complete return_value=<httpcore._backends.sync.SyncStream object at 0x000001AC88AFF9D0>
2026-04-01 08:55:13,044 - DEBUG - send_request_headers.started request=<Request [b'GET']>
2026-04-01 08:55:13,051 - DEBUG - send_request_headers.complete
2026-04-01 08:55:13,058 - DEBUG - send_request_body.started request=<Request [b'GET']>
2026-04-01 08:55:13,058 - DEBUG - send_request_body.complete
2026-04-01 08:55:13,060 - DEBUG - receive_response_headers.started request=<Request [b'GET']>
2026-04-01 08:55:13,238 - DEBUG - receive_response_headers.complete return_value=(b'HTTP/1.1', 200, b'OK', [(b'Content-Type', b'application/json; charset=utf-8'), (b'Transfer-Encoding', b'chunked'), (b'Connection', b'keep-alive'), (b'Date', b'Wed, 01 Apr 2026 11:55:12 GMT'), (b'content-encoding', b'gzip'), (b'ETag', b'W/"7cb-pw/NS6dObMc1TBjwEuHzmSMu8KA"'), (b'X-Powered-By', b'huggingface-moon'), (b'X-Request-Id', b'Root=1-69cd07a0-7ed8c0f5192e28e10dcaa11b;3e041f76-67ff-44f8-b2d3-64b3b72c0027'), (b'RateLimit', b'"api";r=499;t=200'), (b'RateLimit-Policy', b'"fixed window";"api";q=500;w=300'), (b'cross-origin-opener-policy', b'same-origin'), (b'Referrer-Policy', b'strict-origin-when-cross-origin'), (b'Access-Control-Max-Age', b'86400'), (b'Access-Control-Allow-Origin', b'https://huggingface.co'), (b'Vary', b'Origin'), (b'vary', b'Accept-Encoding'), (b'Access-Control-Expose-Headers', b'X-Repo-Commit,X-Request-Id,X-Error-Code,X-Error-Message,X-Total-Count,ETag,Link,Accept-Ranges,Content-Range,X-Linked-Size,X-Linked-ETag,X-Xet-Hash'), (b'X-Cache', b'Miss from cloudfront'), (b'Via', b'1.1 9136b143cdd61169ea2ceae053aa744c.cloudfront.net (CloudFront)'), (b'X-Amz-Cf-Pop', b'EZE50-P7'), (b'X-Amz-Cf-Id', b'LrQ8aRmmffHEWaWp3Z3rmMCUEXWnYA3SUOpjNppJOBh1iOcWBH97MA==')])
2026-04-01 08:55:13,240 - INFO - HTTP Request: GET https://huggingface.co/api/models/Systran/faster-whisper-base/revision/main "HTTP/1.1 200 OK"
2026-04-01 08:55:13,241 - DEBUG - receive_response_body.started request=<Request [b'GET']>
2026-04-01 08:55:13,248 - DEBUG - receive_response_body.complete
2026-04-01 08:55:13,249 - DEBUG - response_closed.started
2026-04-01 08:55:13,249 - DEBUG - response_closed.complete
2026-04-01 08:55:14,404 - INFO - Whisper precargado correctamente con device=cpu compute_type=int8
2026-04-01 08:55:14,404 - INFO - Modelo Whisper precargado antes de importar Qt
2026-04-01 08:55:14,873 - INFO - QApplication creado
2026-04-01 08:55:14,989 - INFO - MainWindow creado
2026-04-01 08:55:15,254 - INFO - Ventana mostrada
2026-04-01 08:55:15,254 - INFO - Entrando al event loop
2026-04-01 08:55:15,282 - INFO - Iniciando threads...
2026-04-01 08:55:15,282 - INFO - Threads iniciados exitosamente
2026-04-01 08:56:30,961 - INFO - start_listening() llamado
2026-04-01 08:56:30,962 - INFO - Solicitando inicio de audio...
2026-04-01 08:56:30,967 - INFO - start_stream() llamado
2026-04-01 08:56:30,968 - INFO - Inicializando segmentos y buffer
2026-04-01 08:56:30,969 - INFO - Creando InputStream...
2026-04-01 08:56:31,660 - INFO - InputStream creado exitosamente
2026-04-01 08:56:31,660 - INFO - Iniciando stream...
2026-04-01 08:56:31,662 - INFO - Stream iniciado
2026-04-01 08:56:31,663 - INFO - Estado _running establecido a True
2026-04-01 08:56:31,663 - INFO - Señal status_changed.emit enviada
2026-04-01 08:56:44,229 - INFO - Processing audio with duration 00:02.500
2026-04-01 08:56:44,291 - DEBUG - Processing segment at 00:00.000
2026-04-01 08:56:45,383 - DEBUG - Log probability threshold is not met with temperature 0.0 (-1.898305 < -1.000000)
2026-04-01 08:56:45,384 - DEBUG - No speech threshold is met (0.666345 > 0.600000)
2026-04-01 08:56:46,788 - INFO - Processing audio with duration 00:02.500
2026-04-01 08:56:46,795 - DEBUG - Processing segment at 00:00.000
2026-04-01 08:56:47,774 - DEBUG - Log probability threshold is not met with temperature 0.0 (-1.792447 < -1.000000)
2026-04-01 08:56:47,774 - DEBUG - No speech threshold is met (0.806593 > 0.600000)
2026-04-01 08:56:49,217 - INFO - Processing audio with duration 00:02.500
2026-04-01 08:56:49,222 - DEBUG - Processing segment at 00:00.000
2026-04-01 08:56:50,227 - DEBUG - Log probability threshold is not met with temperature 0.0 (-1.888703 < -1.000000)
2026-04-01 08:56:50,227 - DEBUG - No speech threshold is met (0.800475 > 0.600000)
2026-04-01 08:56:51,776 - INFO - Processing audio with duration 00:02.500
2026-04-01 08:56:51,780 - DEBUG - Processing segment at 00:00.000
2026-04-01 08:56:52,669 - DEBUG - Log probability threshold is not met with temperature 0.0 (-1.750531 < -1.000000)
2026-04-01 08:56:52,669 - DEBUG - No speech threshold is met (0.827002 > 0.600000)
2026-04-01 08:56:54,207 - INFO - Processing audio with duration 00:02.500
2026-04-01 08:56:54,216 - DEBUG - Processing segment at 00:00.000
2026-04-01 08:56:55,209 - DEBUG - Log probability threshold is not met with temperature 0.0 (-1.876846 < -1.000000)
2026-04-01 08:56:55,209 - DEBUG - No speech threshold is met (0.796821 > 0.600000)
2026-04-01 08:56:56,766 - INFO - Processing audio with duration 00:02.500
2026-04-01 08:56:56,777 - DEBUG - Processing segment at 00:00.000
2026-04-01 08:56:57,784 - DEBUG - Log probability threshold is not met with temperature 0.0 (-1.897397 < -1.000000)
2026-04-01 08:56:57,785 - DEBUG - No speech threshold is met (0.792887 > 0.600000)
2026-04-01 08:56:59,206 - INFO - Processing audio with duration 00:02.500
2026-04-01 08:56:59,211 - DEBUG - Processing segment at 00:00.000
2026-04-01 08:57:00,114 - DEBUG - Log probability threshold is not met with temperature 0.0 (-1.745991 < -1.000000)
2026-04-01 08:57:00,114 - DEBUG - No speech threshold is met (0.823650 > 0.600000)
2026-04-01 08:57:11,747 - INFO - Processing audio with duration 00:02.500
2026-04-01 08:57:11,752 - DEBUG - Processing segment at 00:00.000
2026-04-01 08:57:12,744 - DEBUG - Log probability threshold is not met with temperature 0.0 (-1.881506 < -1.000000)
2026-04-01 08:57:12,745 - DEBUG - No speech threshold is met (0.811770 > 0.600000)
2026-04-01 08:57:34,277 - INFO - Processing audio with duration 00:02.500
2026-04-01 08:57:34,281 - DEBUG - Processing segment at 00:00.000
2026-04-01 08:57:35,225 - DEBUG - Log probability threshold is not met with temperature 0.0 (-1.686265 < -1.000000)
2026-04-01 08:57:35,226 - DEBUG - No speech threshold is met (0.739435 > 0.600000)
2026-04-01 08:57:36,708 - INFO - Processing audio with duration 00:02.500
2026-04-01 08:57:36,720 - DEBUG - Processing segment at 00:00.000
2026-04-01 08:57:37,675 - DEBUG - Log probability threshold is not met with temperature 0.0 (-1.675214 < -1.000000)
2026-04-01 08:57:37,675 - DEBUG - No speech threshold is met (0.728278 > 0.600000)
2026-04-01 08:57:39,270 - INFO - Processing audio with duration 00:02.500
2026-04-01 08:57:39,278 - DEBUG - Processing segment at 00:00.000
2026-04-01 08:57:40,270 - DEBUG - Log probability threshold is not met with temperature 0.0 (-1.478671 < -1.000000)
2026-04-01 08:57:44,258 - INFO - Processing audio with duration 00:02.500
2026-04-01 08:57:44,267 - DEBUG - Processing segment at 00:00.000
2026-04-01 08:57:45,264 - DEBUG - Log probability threshold is not met with temperature 0.0 (-1.481704 < -1.000000)
2026-04-01 08:57:45,264 - DEBUG - No speech threshold is met (0.743668 > 0.600000)
2026-04-01 08:57:46,687 - INFO - Processing audio with duration 00:02.500
2026-04-01 08:57:46,692 - DEBUG - Processing segment at 00:00.000
2026-04-01 08:57:47,635 - DEBUG - Log probability threshold is not met with temperature 0.0 (-2.038364 < -1.000000)
2026-04-01 08:57:47,635 - DEBUG - No speech threshold is met (0.778638 > 0.600000)
2026-04-01 08:57:49,247 - INFO - Processing audio with duration 00:02.500
2026-04-01 08:57:49,264 - DEBUG - Processing segment at 00:00.000
2026-04-01 08:57:50,176 - DEBUG - Log probability threshold is not met with temperature 0.0 (-2.130776 < -1.000000)
2026-04-01 08:57:50,176 - DEBUG - No speech threshold is met (0.671569 > 0.600000)
2026-04-01 08:57:51,688 - INFO - Processing audio with duration 00:02.500
2026-04-01 08:57:51,700 - DEBUG - Processing segment at 00:00.000
2026-04-01 08:57:52,749 - DEBUG - Log probability threshold is not met with temperature 0.0 (-1.105141 < -1.000000)
2026-04-01 08:57:54,248 - INFO - Processing audio with duration 00:02.500
2026-04-01 08:57:54,257 - DEBUG - Processing segment at 00:00.000
2026-04-01 08:57:55,303 - DEBUG - Log probability threshold is not met with temperature 0.0 (-1.852027 < -1.000000)
2026-04-01 08:57:55,303 - DEBUG - No speech threshold is met (0.793308 > 0.600000)
2026-04-01 08:57:59,237 - INFO - Processing audio with duration 00:02.500
2026-04-01 08:57:59,241 - DEBUG - Processing segment at 00:00.000
2026-04-01 08:58:00,233 - DEBUG - Log probability threshold is not met with temperature 0.0 (-1.310597 < -1.000000)
2026-04-01 08:58:00,234 - DEBUG - No speech threshold is met (0.755651 > 0.600000)
2026-04-01 08:58:01,797 - INFO - Processing audio with duration 00:02.500
2026-04-01 08:58:01,802 - DEBUG - Processing segment at 00:00.000
2026-04-01 08:58:04,187 - DEBUG - Compression ratio threshold is not met with temperature 0.0 (27.750000 > 2.400000)
2026-04-01 08:58:04,291 - INFO - Processing audio with duration 00:02.500
2026-04-01 08:58:04,297 - DEBUG - Processing segment at 00:00.000
2026-04-01 08:58:06,889 - DEBUG - Compression ratio threshold is not met with temperature 0.0 (22.969697 > 2.400000)
2026-04-01 08:58:09,218 - INFO - Processing audio with duration 00:02.500
2026-04-01 08:58:09,225 - DEBUG - Processing segment at 00:00.000
2026-04-01 08:58:10,212 - DEBUG - Log probability threshold is not met with temperature 0.0 (-1.369346 < -1.000000)
2026-04-01 08:58:14,207 - INFO - Processing audio with duration 00:02.500
2026-04-01 08:58:14,212 - DEBUG - Processing segment at 00:00.000
2026-04-01 08:58:16,691 - DEBUG - Compression ratio threshold is not met with temperature 0.0 (26.235294 > 2.400000)
2026-04-01 08:58:16,768 - INFO - Processing audio with duration 00:02.500
2026-04-01 08:58:16,775 - DEBUG - Processing segment at 00:00.000
2026-04-01 08:58:17,760 - DEBUG - Log probability threshold is not met with temperature 0.0 (-1.293127 < -1.000000)
2026-04-01 08:58:19,208 - INFO - Processing audio with duration 00:02.500
2026-04-01 08:58:19,216 - DEBUG - Processing segment at 00:00.000
2026-04-01 08:58:20,174 - DEBUG - Log probability threshold is not met with temperature 0.0 (-1.918394 < -1.000000)
2026-04-01 08:58:20,175 - DEBUG - No speech threshold is met (0.820228 > 0.600000)
2026-04-01 08:58:24,197 - INFO - Processing audio with duration 00:02.500
2026-04-01 08:58:24,201 - DEBUG - Processing segment at 00:00.000
2026-04-01 08:58:25,192 - DEBUG - Log probability threshold is not met with temperature 0.0 (-1.440068 < -1.000000)
2026-04-01 08:58:25,192 - DEBUG - No speech threshold is met (0.691731 > 0.600000)
2026-04-01 08:58:26,757 - INFO - Processing audio with duration 00:02.500
2026-04-01 08:58:26,762 - DEBUG - Processing segment at 00:00.000
2026-04-01 08:58:27,745 - DEBUG - Log probability threshold is not met with temperature 0.0 (-1.226614 < -1.000000)
2026-04-01 08:58:27,746 - DEBUG - No speech threshold is met (0.628462 > 0.600000)
2026-04-01 08:58:29,188 - INFO - Processing audio with duration 00:02.500
2026-04-01 08:58:29,201 - DEBUG - Processing segment at 00:00.000
2026-04-01 08:58:34,308 - INFO - Processing audio with duration 00:02.500
2026-04-01 08:58:34,317 - DEBUG - Processing segment at 00:00.000
2026-04-01 08:58:35,329 - DEBUG - Log probability threshold is not met with temperature 0.0 (-1.521977 < -1.000000)
2026-04-01 08:58:35,329 - DEBUG - No speech threshold is met (0.650552 > 0.600000)
2026-04-01 08:58:36,736 - INFO - Processing audio with duration 00:02.500
2026-04-01 08:58:36,741 - DEBUG - Processing segment at 00:00.000
2026-04-01 08:58:37,700 - DEBUG - Log probability threshold is not met with temperature 0.0 (-1.204984 < -1.000000)
2026-04-01 08:58:37,700 - DEBUG - No speech threshold is met (0.828136 > 0.600000)
2026-04-01 08:58:39,298 - INFO - Processing audio with duration 00:02.500
2026-04-01 08:58:39,308 - DEBUG - Processing segment at 00:00.000
2026-04-01 08:58:40,325 - DEBUG - Log probability threshold is not met with temperature 0.0 (-1.975326 < -1.000000)
2026-04-01 08:58:40,326 - DEBUG - No speech threshold is met (0.755507 > 0.600000)
2026-04-01 08:58:44,287 - INFO - Processing audio with duration 00:02.500
2026-04-01 08:58:44,296 - DEBUG - Processing segment at 00:00.000
2026-04-01 08:58:45,320 - DEBUG - Log probability threshold is not met with temperature 0.0 (-1.255136 < -1.000000)
2026-04-01 08:59:00,627 - INFO - closeEvent llamado - cerrando aplicación
2026-04-01 08:59:00,627 - INFO - stop_listening ejecutado
2026-04-01 08:59:00,628 - INFO - audio_thread.quit() ejecutado
2026-04-01 08:59:00,629 - INFO - audio_thread.wait() completado
2026-04-01 08:59:00,630 - INFO - transcriber.shutdown() ejecutado
2026-04-01 08:59:00,631 - INFO - closeEvent completado
2026-04-01 08:59:00,708 - INFO - Event loop finalizado con código: 0
2026-04-01 08:59:00,824 - DEBUG - close.started
2026-04-01 08:59:00,838 - DEBUG - close.complete
2026-04-02 08:35:23,166 - INFO - Iniciando aplicación...
2026-04-02 08:35:46,958 - INFO - Iniciando aplicación...
2026-04-02 08:35:54,513 - ERROR - Señal recibida: 2
2026-04-02 08:35:54,516 - ERROR - Señal recibida: 2
2026-04-02 08:37:07,073 - INFO - Iniciando aplicación...
2026-04-02 08:37:07,924 - INFO - Precargando Whisper con device=cpu compute_type=int8
2026-04-02 08:37:13,696 - DEBUG - connect_tcp.started host='huggingface.co' port=443 local_address=None timeout=None socket_options=None
2026-04-02 08:37:13,970 - DEBUG - connect_tcp.complete return_value=<httpcore._backends.sync.SyncStream object at 0x0000029A9D896510>
2026-04-02 08:37:13,972 - DEBUG - start_tls.started ssl_context=<ssl.SSLContext object at 0x0000029A9C80B6E0> server_hostname='huggingface.co' timeout=None
2026-04-02 08:37:14,083 - DEBUG - start_tls.complete return_value=<httpcore._backends.sync.SyncStream object at 0x0000029A9C7BF9D0>
2026-04-02 08:37:14,085 - DEBUG - send_request_headers.started request=<Request [b'GET']>
2026-04-02 08:37:14,090 - DEBUG - send_request_headers.complete
2026-04-02 08:37:14,091 - DEBUG - send_request_body.started request=<Request [b'GET']>
2026-04-02 08:37:14,093 - DEBUG - send_request_body.complete
2026-04-02 08:37:14,096 - DEBUG - receive_response_headers.started request=<Request [b'GET']>
2026-04-02 08:37:14,295 - DEBUG - receive_response_headers.complete return_value=(b'HTTP/1.1', 200, b'OK', [(b'Content-Type', b'application/json; charset=utf-8'), (b'Transfer-Encoding', b'chunked'), (b'Connection', b'keep-alive'), (b'Date', b'Thu, 02 Apr 2026 11:37:14 GMT'), (b'content-encoding', b'gzip'), (b'ETag', b'W/"7cb-Y2CXMDSmB+0XzpxaE6JrIz6QSR4"'), (b'X-Powered-By', b'huggingface-moon'), (b'X-Request-Id', b'Root=1-69ce54ea-31146b721eb5ab7e4a1d8f41;16dbb60f-9a12-4c92-bc75-870b89ca97cb'), (b'RateLimit', b'"api";r=499;t=258'), (b'RateLimit-Policy', b'"fixed window";"api";q=500;w=300'), (b'cross-origin-opener-policy', b'same-origin'), (b'Referrer-Policy', b'strict-origin-when-cross-origin'), (b'Access-Control-Max-Age', b'86400'), (b'Access-Control-Allow-Origin', b'https://huggingface.co'), (b'Vary', b'Origin'), (b'vary', b'Accept-Encoding'), (b'Access-Control-Expose-Headers', b'X-Repo-Commit,X-Request-Id,X-Error-Code,X-Error-Message,X-Total-Count,ETag,Link,Accept-Ranges,Content-Range,X-Linked-Size,X-Linked-ETag,X-Xet-Hash'), (b'X-Cache', b'Miss from cloudfront'), (b'Via', b'1.1 7a1a22438cd1a2a169a97235366bc326.cloudfront.net (CloudFront)'), (b'X-Amz-Cf-Pop', b'EZE50-P7'), (b'X-Amz-Cf-Id', b'-X5yDJAu1Y3ab-9vW5GwMtZVV4O1i320NEnCpJ2_6XbL726DM2Moow==')])
2026-04-02 08:37:14,300 - INFO - HTTP Request: GET https://huggingface.co/api/models/Systran/faster-whisper-base/revision/main "HTTP/1.1 200 OK"
2026-04-02 08:37:14,309 - DEBUG - receive_response_body.started request=<Request [b'GET']>
2026-04-02 08:37:14,317 - DEBUG - receive_response_body.complete
2026-04-02 08:37:14,319 - DEBUG - response_closed.started
2026-04-02 08:37:14,322 - DEBUG - response_closed.complete
2026-04-02 08:37:17,125 - INFO - Whisper precargado correctamente con device=cpu compute_type=int8
2026-04-02 08:37:17,125 - INFO - Modelo Whisper precargado antes de importar Qt
2026-04-02 08:37:21,007 - INFO - QApplication creado
2026-04-02 08:37:21,652 - INFO - MainWindow creado
2026-04-02 08:37:23,578 - INFO - Ventana mostrada
2026-04-02 08:37:23,581 - INFO - Entrando al event loop
2026-04-02 08:37:23,778 - INFO - Iniciando threads...
2026-04-02 08:37:23,785 - INFO - Threads iniciados exitosamente
2026-04-02 08:38:13,067 - INFO - start_listening() llamado
2026-04-02 08:38:13,068 - INFO - Solicitando inicio de audio...
2026-04-02 08:38:13,070 - INFO - start_stream() llamado
2026-04-02 08:38:13,071 - INFO - Inicializando segmentos y buffer
2026-04-02 08:38:13,071 - INFO - Creando InputStream...
2026-04-02 08:38:13,789 - INFO - InputStream creado exitosamente
2026-04-02 08:38:13,789 - INFO - Iniciando stream...
2026-04-02 08:38:13,789 - INFO - Stream iniciado
2026-04-02 08:38:13,790 - INFO - Estado _running establecido a True
2026-04-02 08:38:13,790 - INFO - Señal status_changed.emit enviada
2026-04-02 08:38:26,347 - INFO - Processing audio with duration 00:02.500
2026-04-02 08:38:26,439 - DEBUG - Processing segment at 00:00.000
2026-04-02 08:38:28,221 - DEBUG - Log probability threshold is not met with temperature 0.0 (-1.827202 < -1.000000)
2026-04-02 08:38:28,222 - DEBUG - No speech threshold is met (0.664824 > 0.600000)
2026-04-02 08:38:28,907 - INFO - Processing audio with duration 00:02.500
2026-04-02 08:38:28,916 - DEBUG - Processing segment at 00:00.000
2026-04-02 08:38:29,797 - DEBUG - Log probability threshold is not met with temperature 0.0 (-1.866209 < -1.000000)
2026-04-02 08:38:29,797 - DEBUG - No speech threshold is met (0.753336 > 0.600000)
2026-04-02 08:38:31,342 - INFO - Processing audio with duration 00:02.500
2026-04-02 08:38:31,371 - DEBUG - Processing segment at 00:00.000
2026-04-02 08:38:37,444 - DEBUG - Log probability threshold is not met with temperature 0.0 (-1.745070 < -1.000000)
2026-04-02 08:38:37,445 - DEBUG - No speech threshold is met (0.774882 > 0.600000)
2026-04-02 08:38:38,887 - INFO - Processing audio with duration 00:02.500
2026-04-02 08:38:38,898 - DEBUG - Processing segment at 00:00.000
2026-04-02 08:38:40,156 - DEBUG - Log probability threshold is not met with temperature 0.0 (-1.998410 < -1.000000)
2026-04-02 08:38:40,156 - DEBUG - No speech threshold is met (0.686138 > 0.600000)
2026-04-02 08:38:41,334 - INFO - Processing audio with duration 00:02.500
2026-04-02 08:38:41,364 - DEBUG - Processing segment at 00:00.000
2026-04-02 08:38:47,449 - DEBUG - Log probability threshold is not met with temperature 0.0 (-2.021121 < -1.000000)
2026-04-02 08:38:47,451 - DEBUG - No speech threshold is met (0.800184 > 0.600000)
2026-04-02 08:38:48,878 - INFO - Processing audio with duration 00:02.500
2026-04-02 08:38:48,888 - DEBUG - Processing segment at 00:00.000
2026-04-02 08:38:50,293 - DEBUG - Log probability threshold is not met with temperature 0.0 (-1.894171 < -1.000000)
2026-04-02 08:38:50,294 - DEBUG - No speech threshold is met (0.763524 > 0.600000)
2026-04-02 08:39:03,846 - INFO - Processing audio with duration 00:02.500
2026-04-02 08:39:03,852 - DEBUG - Processing segment at 00:00.000
2026-04-02 08:39:04,748 - DEBUG - Log probability threshold is not met with temperature 0.0 (-1.678973 < -1.000000)
2026-04-02 08:39:08,846 - INFO - Processing audio with duration 00:02.500
2026-04-02 08:39:08,852 - DEBUG - Processing segment at 00:00.000
2026-04-02 08:39:09,820 - DEBUG - Log probability threshold is not met with temperature 0.0 (-1.411380 < -1.000000)
2026-04-02 08:39:11,416 - INFO - Processing audio with duration 00:02.500
2026-04-02 08:39:11,456 - DEBUG - Processing segment at 00:00.000
2026-04-02 08:39:17,729 - DEBUG - Log probability threshold is not met with temperature 0.0 (-1.345669 < -1.000000)
2026-04-02 08:39:18,827 - INFO - Processing audio with duration 00:02.500
2026-04-02 08:39:18,841 - DEBUG - Processing segment at 00:00.000
2026-04-02 08:39:20,212 - DEBUG - Log probability threshold is not met with temperature 0.0 (-1.774758 < -1.000000)
2026-04-02 08:39:21,394 - INFO - Processing audio with duration 00:02.500
2026-04-02 08:39:21,429 - DEBUG - Processing segment at 00:00.000
2026-04-02 08:39:38,927 - INFO - Processing audio with duration 00:02.500
2026-04-02 08:39:38,950 - DEBUG - Processing segment at 00:00.000
2026-04-02 08:39:39,853 - DEBUG - Log probability threshold is not met with temperature 0.0 (-1.230277 < -1.000000)
2026-04-02 08:39:47,085 - INFO - closeEvent llamado - cerrando aplicación
2026-04-02 08:39:47,086 - INFO - stop_listening ejecutado
2026-04-02 08:39:47,086 - INFO - audio_thread.quit() ejecutado
2026-04-02 08:39:47,175 - INFO - audio_thread.wait() completado
2026-04-02 08:39:47,176 - INFO - transcriber.shutdown() ejecutado
2026-04-02 08:39:47,177 - INFO - closeEvent completado
2026-04-02 08:39:47,232 - INFO - Event loop finalizado con código: 0
2026-04-02 08:39:47,294 - DEBUG - close.started
2026-04-02 08:39:47,297 - DEBUG - close.complete
2026-04-19 11:32:32,727 - INFO - Iniciando aplicación...
2026-04-19 11:32:41,784 - INFO - Precargando Whisper con device=cpu compute_type=int8
2026-04-19 11:32:43,708 - DEBUG - connect_tcp.started host='huggingface.co' port=443 local_address=None timeout=None socket_options=None
2026-04-19 11:32:43,972 - DEBUG - connect_tcp.complete return_value=<httpcore._backends.sync.SyncStream object at 0x000001DEA65A6510>
2026-04-19 11:32:43,973 - DEBUG - start_tls.started ssl_context=<ssl.SSLContext object at 0x000001DEA64EB6E0> server_hostname='huggingface.co' timeout=None
2026-04-19 11:32:44,090 - DEBUG - start_tls.complete return_value=<httpcore._backends.sync.SyncStream object at 0x000001DEA649F9D0>
2026-04-19 11:32:44,091 - DEBUG - send_request_headers.started request=<Request [b'GET']>
2026-04-19 11:32:44,092 - DEBUG - send_request_headers.complete
2026-04-19 11:32:44,093 - DEBUG - send_request_body.started request=<Request [b'GET']>
2026-04-19 11:32:44,094 - DEBUG - send_request_body.complete
2026-04-19 11:32:44,094 - DEBUG - receive_response_headers.started request=<Request [b'GET']>
2026-04-19 11:32:44,282 - DEBUG - receive_response_headers.complete return_value=(b'HTTP/1.1', 200, b'OK', [(b'Content-Type', b'application/json; charset=utf-8'), (b'Transfer-Encoding', b'chunked'), (b'Connection', b'keep-alive'), (b'Date', b'Sun, 19 Apr 2026 14:32:44 GMT'), (b'content-encoding', b'gzip'), (b'ETag', b'W/"7f0-Qd2YZ7UUYdU5l5vNsJuSu34Hp4g"'), (b'X-Powered-By', b'huggingface-moon'), (b'X-Request-Id', b'Root=1-69e4e78c-0f3be12c32b11931281d7f5c;ae9a2730-beee-4934-978c-0dd434516529'), (b'RateLimit', b'"api";r=499;t=208'), (b'RateLimit-Policy', b'"fixed window";"api";q=500;w=300'), (b'cross-origin-opener-policy', b'same-origin'), (b'Referrer-Policy', b'strict-origin-when-cross-origin'), (b'Access-Control-Max-Age', b'86400'), (b'Access-Control-Allow-Origin', b'https://huggingface.co'), (b'Vary', b'Origin'), (b'vary', b'Accept-Encoding'), (b'Access-Control-Expose-Headers', b'X-Repo-Commit,X-Request-Id,X-Error-Code,X-Error-Message,X-Total-Count,ETag,Link,Accept-Ranges,Content-Range,X-Linked-Size,X-Linked-ETag,X-Xet-Hash'), (b'X-Cache', b'Miss from cloudfront'), (b'Via', b'1.1 d1a124b1a9c3ad193facfe43399e13fe.cloudfront.net (CloudFront)'), (b'X-Amz-Cf-Pop', b'EZE50-P7'), (b'X-Amz-Cf-Id', b'QVMRcg0THz2j4CY1laSAFYJkvt1HRtjLm86XIM3tvvD8BJRTD0OD_Q==')])
2026-04-19 11:32:44,283 - INFO - HTTP Request: GET https://huggingface.co/api/models/Systran/faster-whisper-base/revision/main "HTTP/1.1 200 OK"
2026-04-19 11:32:44,284 - DEBUG - receive_response_body.started request=<Request [b'GET']>
2026-04-19 11:32:44,290 - DEBUG - receive_response_body.complete
2026-04-19 11:32:44,296 - DEBUG - response_closed.started
2026-04-19 11:32:44,296 - DEBUG - response_closed.complete
2026-04-19 11:32:45,749 - INFO - Whisper precargado correctamente con device=cpu compute_type=int8
2026-04-19 11:32:45,750 - INFO - Modelo Whisper precargado antes de importar Qt
2026-04-19 11:32:48,505 - INFO - QApplication creado
2026-04-19 11:32:48,594 - INFO - MainWindow creado
2026-04-19 11:32:48,933 - INFO - Ventana mostrada
2026-04-19 11:32:48,933 - INFO - Entrando al event loop
2026-04-19 11:32:48,980 - INFO - Iniciando threads...
2026-04-19 11:32:48,982 - INFO - Threads iniciados exitosamente
2026-04-19 11:33:41,046 - INFO - start_listening() llamado
2026-04-19 11:33:41,047 - INFO - Solicitando inicio de audio...
2026-04-19 11:33:41,049 - INFO - start_stream() llamado
2026-04-19 11:33:41,051 - INFO - Inicializando segmentos y buffer
2026-04-19 11:33:41,052 - INFO - Creando InputStream...
2026-04-19 11:33:41,792 - INFO - InputStream creado exitosamente
2026-04-19 11:33:41,793 - INFO - Iniciando stream...
2026-04-19 11:33:41,794 - INFO - Stream iniciado
2026-04-19 11:33:41,795 - INFO - Estado _running establecido a True
2026-04-19 11:33:41,796 - INFO - Señal status_changed.emit enviada
2026-04-19 11:33:44,380 - INFO - Processing audio with duration 00:02.500
2026-04-19 11:33:44,420 - DEBUG - Processing segment at 00:00.000
2026-04-19 11:33:45,584 - DEBUG - Log probability threshold is not met with temperature 0.0 (-1.578379 < -1.000000)
2026-04-19 11:33:46,937 - INFO - Processing audio with duration 00:02.500
2026-04-19 11:33:46,950 - DEBUG - Processing segment at 00:00.000
2026-04-19 11:33:48,004 - DEBUG - Log probability threshold is not met with temperature 0.0 (-1.236205 < -1.000000)
2026-04-19 11:33:49,368 - INFO - Processing audio with duration 00:02.500
2026-04-19 11:33:49,377 - DEBUG - Processing segment at 00:00.000
2026-04-19 11:33:50,454 - DEBUG - Log probability threshold is not met with temperature 0.0 (-1.043725 < -1.000000)
2026-04-19 11:33:51,929 - INFO - Processing audio with duration 00:02.500
2026-04-19 11:33:51,943 - DEBUG - Processing segment at 00:00.000
2026-04-19 11:33:54,359 - INFO - Processing audio with duration 00:02.500
2026-04-19 11:33:54,372 - DEBUG - Processing segment at 00:00.000
2026-04-19 11:33:55,473 - DEBUG - Log probability threshold is not met with temperature 0.0 (-1.247755 < -1.000000)
2026-04-19 11:33:56,919 - INFO - Processing audio with duration 00:02.500
2026-04-19 11:33:56,930 - DEBUG - Processing segment at 00:00.000
2026-04-19 11:33:57,956 - DEBUG - Log probability threshold is not met with temperature 0.0 (-2.043300 < -1.000000)
2026-04-19 11:33:59,347 - INFO - Processing audio with duration 00:02.500
2026-04-19 11:33:59,354 - DEBUG - Processing segment at 00:00.000
2026-04-19 11:34:00,436 - DEBUG - Log probability threshold is not met with temperature 0.0 (-1.354454 < -1.000000)
2026-04-19 11:34:01,909 - INFO - Processing audio with duration 00:02.500
2026-04-19 11:34:01,918 - DEBUG - Processing segment at 00:00.000
2026-04-19 11:34:04,725 - DEBUG - Compression ratio threshold is not met with temperature 0.0 (26.235294 > 2.400000)
2026-04-19 11:34:06,898 - INFO - Processing audio with duration 00:02.500
2026-04-19 11:34:06,910 - DEBUG - Processing segment at 00:00.000
2026-04-19 11:34:09,338 - INFO - Processing audio with duration 00:02.500
2026-04-19 11:34:09,344 - DEBUG - Processing segment at 00:00.000
2026-04-19 11:34:10,392 - DEBUG - Log probability threshold is not met with temperature 0.0 (-1.580143 < -1.000000)
2026-04-19 11:34:10,392 - DEBUG - No speech threshold is met (0.733445 > 0.600000)
2026-04-19 11:34:11,899 - INFO - Processing audio with duration 00:02.500
2026-04-19 11:34:11,914 - DEBUG - Processing segment at 00:00.000
2026-04-19 11:34:12,937 - DEBUG - Log probability threshold is not met with temperature 0.0 (-1.139553 < -1.000000)
2026-04-19 11:34:15,108 - INFO - closeEvent llamado - cerrando aplicación
2026-04-19 11:34:15,108 - INFO - stop_listening ejecutado
2026-04-19 11:34:15,109 - INFO - audio_thread.quit() ejecutado
2026-04-19 11:34:15,110 - INFO - audio_thread.wait() completado
2026-04-19 11:34:15,111 - INFO - transcriber.shutdown() ejecutado
2026-04-19 11:34:15,113 - INFO - closeEvent completado
2026-04-19 11:34:15,159 - INFO - Event loop finalizado con código: 0
2026-04-19 11:34:15,275 - DEBUG - close.started
2026-04-19 11:34:15,319 - DEBUG - close.complete
2026-04-19 11:48:57,226 - INFO - Iniciando aplicación...
2026-04-19 11:48:57,777 - INFO - Precargando Whisper con device=cpu compute_type=int8
2026-04-19 11:48:58,747 - DEBUG - connect_tcp.started host='huggingface.co' port=443 local_address=None timeout=None socket_options=None
2026-04-19 11:48:58,893 - DEBUG - connect_tcp.complete return_value=<httpcore._backends.sync.SyncStream object at 0x00000115EDCE6510>
2026-04-19 11:48:58,894 - DEBUG - start_tls.started ssl_context=<ssl.SSLContext object at 0x00000115EDC2B6E0> server_hostname='huggingface.co' timeout=None
2026-04-19 11:48:58,936 - DEBUG - start_tls.complete return_value=<httpcore._backends.sync.SyncStream object at 0x00000115EDBDF9D0>
2026-04-19 11:48:58,936 - DEBUG - send_request_headers.started request=<Request [b'GET']>
2026-04-19 11:48:58,938 - DEBUG - send_request_headers.complete
2026-04-19 11:48:58,938 - DEBUG - send_request_body.started request=<Request [b'GET']>
2026-04-19 11:48:58,939 - DEBUG - send_request_body.complete
2026-04-19 11:48:58,939 - DEBUG - receive_response_headers.started request=<Request [b'GET']>
2026-04-19 11:48:59,133 - DEBUG - receive_response_headers.complete return_value=(b'HTTP/1.1', 200, b'OK', [(b'Content-Type', b'application/json; charset=utf-8'), (b'Transfer-Encoding', b'chunked'), (b'Connection', b'keep-alive'), (b'Date', b'Sun, 19 Apr 2026 14:48:59 GMT'), (b'content-encoding', b'gzip'), (b'ETag', b'W/"7f0-Qd2YZ7UUYdU5l5vNsJuSu34Hp4g"'), (b'X-Powered-By', b'huggingface-moon'), (b'X-Request-Id', b'Root=1-69e4eb5b-071fea1661868291687d6b24;b5917734-f930-48aa-8670-d70bd502a63a'), (b'RateLimit', b'"api";r=499;t=133'), (b'RateLimit-Policy', b'"fixed window";"api";q=500;w=300'), (b'cross-origin-opener-policy', b'same-origin'), (b'Referrer-Policy', b'strict-origin-when-cross-origin'), (b'Access-Control-Max-Age', b'86400'), (b'Access-Control-Allow-Origin', b'https://huggingface.co'), (b'Vary', b'Origin'), (b'vary', b'Accept-Encoding'), (b'Access-Control-Expose-Headers', b'X-Repo-Commit,X-Request-Id,X-Error-Code,X-Error-Message,X-Total-Count,ETag,Link,Accept-Ranges,Content-Range,X-Linked-Size,X-Linked-ETag,X-Xet-Hash'), (b'X-Cache', b'Miss from cloudfront'), (b'Via', b'1.1 9f2ecd5d45add34b640266420c275544.cloudfront.net (CloudFront)'), (b'X-Amz-Cf-Pop', b'EZE50-P7'), (b'X-Amz-Cf-Id', b'OR4LwhzsfHd0wqJqUIRrJN3tuqfrk5kc4-m8AQGbIrOEYXcczIItqQ==')])
2026-04-19 11:48:59,135 - INFO - HTTP Request: GET https://huggingface.co/api/models/Systran/faster-whisper-base/revision/main "HTTP/1.1 200 OK"
2026-04-19 11:48:59,136 - DEBUG - receive_response_body.started request=<Request [b'GET']>
2026-04-19 11:48:59,137 - DEBUG - receive_response_body.complete
2026-04-19 11:48:59,138 - DEBUG - response_closed.started
2026-04-19 11:48:59,139 - DEBUG - response_closed.complete
2026-04-19 11:48:59,829 - INFO - Whisper precargado correctamente con device=cpu compute_type=int8
2026-04-19 11:48:59,829 - INFO - Modelo Whisper precargado antes de importar Qt
2026-04-19 11:49:00,163 - INFO - QApplication creado
2026-04-19 11:49:00,207 - INFO - MainWindow creado
2026-04-19 11:49:00,498 - INFO - Ventana mostrada
2026-04-19 11:49:00,499 - INFO - Entrando al event loop
2026-04-19 11:49:00,518 - INFO - Iniciando threads...
2026-04-19 11:49:00,519 - INFO - Threads iniciados exitosamente
2026-04-19 11:49:22,930 - INFO - start_listening() llamado
2026-04-19 11:49:22,931 - INFO - Solicitando inicio de audio...
2026-04-19 11:49:22,935 - INFO - start_stream() llamado
2026-04-19 11:49:22,935 - INFO - Inicializando segmentos y buffer
2026-04-19 11:49:22,936 - INFO - Creando InputStream...
2026-04-19 11:49:23,615 - INFO - InputStream creado exitosamente
2026-04-19 11:49:23,616 - INFO - Iniciando stream...
2026-04-19 11:49:23,616 - INFO - Stream iniciado
2026-04-19 11:49:23,617 - INFO - Estado _running establecido a True
2026-04-19 11:49:23,617 - INFO - Señal status_changed.emit enviada
2026-04-19 11:49:26,199 - INFO - Processing audio with duration 00:02.500
2026-04-19 11:49:26,212 - DEBUG - Processing segment at 00:00.000
2026-04-19 11:49:27,094 - DEBUG - Log probability threshold is not met with temperature 0.0 (-1.145240 < -1.000000)
2026-04-19 11:49:27,096 - INFO - Processing audio with duration 00:02.500
2026-04-19 11:49:27,102 - DEBUG - Processing segment at 00:00.000
2026-04-19 11:49:28,026 - DEBUG - Log probability threshold is not met with temperature 0.0 (-1.108602 < -1.000000)
2026-04-19 11:49:28,027 - INFO - Processing audio with duration 00:02.500
2026-04-19 11:49:28,033 - DEBUG - Processing segment at 00:00.000
2026-04-19 11:49:28,931 - DEBUG - Log probability threshold is not met with temperature 0.0 (-1.371251 < -1.000000)
2026-04-19 11:49:28,933 - INFO - Processing audio with duration 00:02.500
2026-04-19 11:49:28,940 - DEBUG - Processing segment at 00:00.000
2026-04-19 11:49:29,767 - INFO - Processing audio with duration 00:02.500
2026-04-19 11:49:29,776 - DEBUG - Processing segment at 00:00.000
2026-04-19 11:49:30,625 - DEBUG - Log probability threshold is not met with temperature 0.0 (-1.024844 < -1.000000)
2026-04-19 11:49:30,627 - INFO - Processing audio with duration 00:02.500
2026-04-19 11:49:30,633 - DEBUG - Processing segment at 00:00.000
2026-04-19 11:49:31,474 - INFO - Processing audio with duration 00:02.500
2026-04-19 11:49:31,481 - DEBUG - Processing segment at 00:00.000
2026-04-19 11:49:32,313 - INFO - Processing audio with duration 00:02.500
2026-04-19 11:49:32,321 - DEBUG - Processing segment at 00:00.000
2026-04-19 11:49:33,120 - DEBUG - Log probability threshold is not met with temperature 0.0 (-1.575651 < -1.000000)
2026-04-19 11:49:33,121 - INFO - Processing audio with duration 00:02.500
2026-04-19 11:49:33,128 - DEBUG - Processing segment at 00:00.000
2026-04-19 11:49:33,947 - DEBUG - Log probability threshold is not met with temperature 0.0 (-1.223045 < -1.000000)
2026-04-19 11:49:33,947 - DEBUG - No speech threshold is met (0.717317 > 0.600000)
2026-04-19 11:49:33,948 - INFO - Processing audio with duration 00:02.500
2026-04-19 11:49:33,953 - DEBUG - Processing segment at 00:00.000
2026-04-19 11:49:34,749 - INFO - Processing audio with duration 00:02.500
2026-04-19 11:49:34,756 - DEBUG - Processing segment at 00:00.000
2026-04-19 11:49:35,614 - DEBUG - Log probability threshold is not met with temperature 0.0 (-1.429188 < -1.000000)
2026-04-19 11:49:35,615 - INFO - Processing audio with duration 00:02.500
2026-04-19 11:49:35,621 - DEBUG - Processing segment at 00:00.000
2026-04-19 11:49:36,452 - DEBUG - Log probability threshold is not met with temperature 0.0 (-1.745921 < -1.000000)
2026-04-19 11:49:36,453 - INFO - Processing audio with duration 00:02.500
2026-04-19 11:49:36,459 - DEBUG - Processing segment at 00:00.000
2026-04-19 11:49:37,337 - DEBUG - Log probability threshold is not met with temperature 0.0 (-1.318915 < -1.000000)
2026-04-19 11:49:37,339 - INFO - Processing audio with duration 00:02.500
2026-04-19 11:49:37,346 - DEBUG - Processing segment at 00:00.000
2026-04-19 11:49:38,215 - DEBUG - Log probability threshold is not met with temperature 0.0 (-1.080330 < -1.000000)
2026-04-19 11:49:38,216 - INFO - Processing audio with duration 00:02.500
2026-04-19 11:49:38,223 - DEBUG - Processing segment at 00:00.000
2026-04-19 11:49:39,138 - DEBUG - Log probability threshold is not met with temperature 0.0 (-1.259646 < -1.000000)
2026-04-19 11:49:39,139 - INFO - Processing audio with duration 00:02.500
2026-04-19 11:49:39,147 - DEBUG - Processing segment at 00:00.000
2026-04-19 11:49:40,061 - DEBUG - Log probability threshold is not met with temperature 0.0 (-1.354764 < -1.000000)
2026-04-19 11:49:40,062 - DEBUG - No speech threshold is met (0.666623 > 0.600000)
2026-04-19 11:49:40,063 - INFO - Processing audio with duration 00:02.500
2026-04-19 11:49:40,066 - DEBUG - Processing segment at 00:00.000
2026-04-19 11:49:41,029 - DEBUG - Log probability threshold is not met with temperature 0.0 (-1.168198 < -1.000000)
2026-04-19 11:49:41,030 - INFO - Processing audio with duration 00:02.500
2026-04-19 11:49:41,038 - DEBUG - Processing segment at 00:00.000
2026-04-19 11:49:41,900 - DEBUG - Log probability threshold is not met with temperature 0.0 (-1.476108 < -1.000000)
2026-04-19 11:49:41,901 - DEBUG - No speech threshold is met (0.718889 > 0.600000)
2026-04-19 11:49:41,902 - INFO - Processing audio with duration 00:02.500
2026-04-19 11:49:41,906 - DEBUG - Processing segment at 00:00.000
2026-04-19 11:49:42,746 - DEBUG - Log probability threshold is not met with temperature 0.0 (-1.257137 < -1.000000)
2026-04-19 11:49:42,747 - INFO - Processing audio with duration 00:02.500
2026-04-19 11:49:42,753 - DEBUG - Processing segment at 00:00.000
2026-04-19 11:49:43,628 - DEBUG - Log probability threshold is not met with temperature 0.0 (-1.624341 < -1.000000)
2026-04-19 11:49:43,628 - DEBUG - No speech threshold is met (0.605920 > 0.600000)
2026-04-19 11:49:43,629 - INFO - Processing audio with duration 00:02.500
2026-04-19 11:49:43,633 - DEBUG - Processing segment at 00:00.000
2026-04-19 11:49:44,513 - DEBUG - Log probability threshold is not met with temperature 0.0 (-1.109833 < -1.000000)
2026-04-19 11:49:44,515 - INFO - Processing audio with duration 00:02.500
2026-04-19 11:49:44,521 - DEBUG - Processing segment at 00:00.000
2026-04-19 11:49:45,387 - DEBUG - Log probability threshold is not met with temperature 0.0 (-1.274647 < -1.000000)
2026-04-19 11:49:45,388 - INFO - Processing audio with duration 00:02.500
2026-04-19 11:49:45,394 - DEBUG - Processing segment at 00:00.000
2026-04-19 11:49:46,219 - DEBUG - Log probability threshold is not met with temperature 0.0 (-1.065803 < -1.000000)
2026-04-19 11:49:46,220 - INFO - Processing audio with duration 00:02.500
2026-04-19 11:49:46,226 - DEBUG - Processing segment at 00:00.000
2026-04-19 11:49:47,023 - DEBUG - Log probability threshold is not met with temperature 0.0 (-1.371470 < -1.000000)
2026-04-19 11:49:47,023 - INFO - Processing audio with duration 00:02.500
2026-04-19 11:49:47,029 - DEBUG - Processing segment at 00:00.000
2026-04-19 11:49:47,831 - DEBUG - Log probability threshold is not met with temperature 0.0 (-1.509699 < -1.000000)
2026-04-19 11:49:47,832 - INFO - Processing audio with duration 00:02.500
2026-04-19 11:49:47,840 - DEBUG - Processing segment at 00:00.000
2026-04-19 11:49:48,675 - DEBUG - Log probability threshold is not met with temperature 0.0 (-1.315653 < -1.000000)
2026-04-19 11:49:48,676 - INFO - Processing audio with duration 00:02.500
2026-04-19 11:49:48,681 - DEBUG - Processing segment at 00:00.000
2026-04-19 11:49:49,604 - DEBUG - Log probability threshold is not met with temperature 0.0 (-1.824532 < -1.000000)
2026-04-19 11:49:49,605 - INFO - Processing audio with duration 00:02.500
2026-04-19 11:49:49,611 - DEBUG - Processing segment at 00:00.000
2026-04-19 11:49:50,495 - DEBUG - Log probability threshold is not met with temperature 0.0 (-1.723544 < -1.000000)
2026-04-19 11:49:50,496 - INFO - Processing audio with duration 00:02.500
2026-04-19 11:49:50,502 - DEBUG - Processing segment at 00:00.000
2026-04-19 11:49:51,383 - DEBUG - Log probability threshold is not met with temperature 0.0 (-1.283484 < -1.000000)
2026-04-19 11:49:51,384 - INFO - Processing audio with duration 00:02.500
2026-04-19 11:49:51,391 - DEBUG - Processing segment at 00:00.000
2026-04-19 11:49:52,247 - DEBUG - Log probability threshold is not met with temperature 0.0 (-1.018338 < -1.000000)
2026-04-19 11:49:52,248 - INFO - Processing audio with duration 00:02.500
2026-04-19 11:49:52,254 - DEBUG - Processing segment at 00:00.000
2026-04-19 11:49:53,066 - INFO - Processing audio with duration 00:02.500
2026-04-19 11:49:53,073 - DEBUG - Processing segment at 00:00.000
2026-04-19 11:49:53,941 - DEBUG - Log probability threshold is not met with temperature 0.0 (-1.915245 < -1.000000)
2026-04-19 11:49:53,942 - DEBUG - No speech threshold is met (0.664865 > 0.600000)
2026-04-19 11:49:53,942 - INFO - Processing audio with duration 00:02.500
2026-04-19 11:49:53,948 - DEBUG - Processing segment at 00:00.000
2026-04-19 11:49:54,891 - DEBUG - Log probability threshold is not met with temperature 0.0 (-1.647896 < -1.000000)
2026-04-19 11:49:56,278 - INFO - Processing audio with duration 00:02.500
2026-04-19 11:49:56,288 - DEBUG - Processing segment at 00:00.000
2026-04-19 11:49:57,169 - DEBUG - Log probability threshold is not met with temperature 0.0 (-1.299592 < -1.000000)
2026-04-19 11:49:57,170 - INFO - Processing audio with duration 00:02.500
2026-04-19 11:49:57,175 - DEBUG - Processing segment at 00:00.000
2026-04-19 11:49:57,998 - DEBUG - Log probability threshold is not met with temperature 0.0 (-1.563175 < -1.000000)
2026-04-19 11:49:57,999 - INFO - Processing audio with duration 00:02.500
2026-04-19 11:49:58,004 - DEBUG - Processing segment at 00:00.000
2026-04-19 11:49:58,855 - DEBUG - Log probability threshold is not met with temperature 0.0 (-1.455640 < -1.000000)
2026-04-19 11:49:58,856 - INFO - Processing audio with duration 00:02.500
2026-04-19 11:49:58,863 - DEBUG - Processing segment at 00:00.000
2026-04-19 11:49:59,813 - INFO - Processing audio with duration 00:02.500
2026-04-19 11:49:59,820 - DEBUG - Processing segment at 00:00.000
2026-04-19 11:50:00,792 - INFO - Processing audio with duration 00:02.500
2026-04-19 11:50:00,799 - DEBUG - Processing segment at 00:00.000
2026-04-19 11:50:01,756 - DEBUG - Log probability threshold is not met with temperature 0.0 (-1.575336 < -1.000000)
2026-04-19 11:50:01,757 - INFO - Processing audio with duration 00:02.500
2026-04-19 11:50:01,763 - DEBUG - Processing segment at 00:00.000
2026-04-19 11:50:02,742 - DEBUG - Log probability threshold is not met with temperature 0.0 (-1.568751 < -1.000000)
2026-04-19 11:50:02,743 - INFO - Processing audio with duration 00:02.500
2026-04-19 11:50:02,749 - DEBUG - Processing segment at 00:00.000
2026-04-19 11:50:03,710 - DEBUG - Log probability threshold is not met with temperature 0.0 (-1.491268 < -1.000000)
2026-04-19 11:50:03,711 - INFO - Processing audio with duration 00:02.500
2026-04-19 11:50:03,718 - DEBUG - Processing segment at 00:00.000
2026-04-19 11:50:04,646 - DEBUG - Log probability threshold is not met with temperature 0.0 (-1.270589 < -1.000000)
2026-04-19 11:50:04,647 - INFO - Processing audio with duration 00:02.500
2026-04-19 11:50:04,653 - DEBUG - Processing segment at 00:00.000
2026-04-19 11:50:05,624 - DEBUG - Log probability threshold is not met with temperature 0.0 (-1.246207 < -1.000000)
2026-04-19 11:50:05,625 - INFO - Processing audio with duration 00:02.500
2026-04-19 11:50:05,631 - DEBUG - Processing segment at 00:00.000
2026-04-19 11:50:06,542 - DEBUG - Log probability threshold is not met with temperature 0.0 (-1.951465 < -1.000000)
2026-04-19 11:50:06,543 - INFO - Processing audio with duration 00:02.500
2026-04-19 11:50:06,548 - DEBUG - Processing segment at 00:00.000
2026-04-19 11:50:07,501 - INFO - Processing audio with duration 00:02.500
2026-04-19 11:50:07,507 - DEBUG - Processing segment at 00:00.000
2026-04-19 11:50:08,481 - INFO - Processing audio with duration 00:02.500
2026-04-19 11:50:08,487 - DEBUG - Processing segment at 00:00.000
2026-04-19 11:50:09,718 - INFO - Processing audio with duration 00:02.500
2026-04-19 11:50:09,728 - DEBUG - Processing segment at 00:00.000
2026-04-19 11:50:10,633 - DEBUG - Log probability threshold is not met with temperature 0.0 (-1.729920 < -1.000000)
2026-04-19 11:50:10,634 - INFO - Processing audio with duration 00:02.500
2026-04-19 11:50:10,639 - DEBUG - Processing segment at 00:00.000
2026-04-19 11:50:11,598 - DEBUG - Log probability threshold is not met with temperature 0.0 (-1.687322 < -1.000000)
2026-04-19 11:50:11,599 - INFO - Processing audio with duration 00:02.500
2026-04-19 11:50:11,604 - DEBUG - Processing segment at 00:00.000
2026-04-19 11:50:12,571 - DEBUG - Log probability threshold is not met with temperature 0.0 (-1.350672 < -1.000000)
2026-04-19 11:50:12,572 - INFO - Processing audio with duration 00:02.500
2026-04-19 11:50:12,577 - DEBUG - Processing segment at 00:00.000
2026-04-19 11:50:14,822 - DEBUG - Compression ratio threshold is not met with temperature 0.0 (20.697674 > 2.400000)
2026-04-19 11:50:14,824 - INFO - Processing audio with duration 00:02.500
2026-04-19 11:50:14,843 - DEBUG - Processing segment at 00:00.000
2026-04-19 11:50:15,798 - INFO - Processing audio with duration 00:02.500
2026-04-19 11:50:15,806 - DEBUG - Processing segment at 00:00.000
2026-04-19 11:50:16,808 - INFO - Processing audio with duration 00:02.500
2026-04-19 11:50:16,815 - DEBUG - Processing segment at 00:00.000
2026-04-19 11:50:17,858 - DEBUG - Log probability threshold is not met with temperature 0.0 (-1.514714 < -1.000000)
2026-04-19 11:50:17,859 - DEBUG - No speech threshold is met (0.645574 > 0.600000)
2026-04-19 11:50:18,034 - INFO - Processing audio with duration 00:02.500
2026-04-19 11:50:18,039 - DEBUG - Processing segment at 00:00.000
2026-04-19 11:50:19,034 - DEBUG - Log probability threshold is not met with temperature 0.0 (-2.113363 < -1.000000)
2026-04-19 11:50:19,035 - INFO - Processing audio with duration 00:02.500
2026-04-19 11:50:19,042 - DEBUG - Processing segment at 00:00.000
2026-04-19 11:50:20,161 - DEBUG - Log probability threshold is not met with temperature 0.0 (-1.646965 < -1.000000)
2026-04-19 11:50:20,162 - INFO - Processing audio with duration 00:02.500
2026-04-19 11:50:20,168 - DEBUG - Processing segment at 00:00.000
2026-04-19 11:50:21,224 - DEBUG - Log probability threshold is not met with temperature 0.0 (-1.496938 < -1.000000)
2026-04-19 11:50:21,225 - INFO - Processing audio with duration 00:02.500
2026-04-19 11:50:21,232 - DEBUG - Processing segment at 00:00.000
2026-04-19 11:50:22,224 - DEBUG - Log probability threshold is not met with temperature 0.0 (-1.648526 < -1.000000)
2026-04-19 11:50:22,517 - INFO - Processing audio with duration 00:02.500
2026-04-19 11:50:22,528 - DEBUG - Processing segment at 00:00.000
2026-04-19 11:50:23,432 - INFO - Processing audio with duration 00:02.500
2026-04-19 11:50:23,438 - DEBUG - Processing segment at 00:00.000
2026-04-19 11:50:24,420 - INFO - Processing audio with duration 00:02.500
2026-04-19 11:50:24,427 - DEBUG - Processing segment at 00:00.000
2026-04-19 11:50:25,437 - DEBUG - Log probability threshold is not met with temperature 0.0 (-1.139593 < -1.000000)
2026-04-19 11:50:25,438 - INFO - Processing audio with duration 00:02.500
2026-04-19 11:50:25,445 - DEBUG - Processing segment at 00:00.000
2026-04-19 11:50:26,486 - DEBUG - Log probability threshold is not met with temperature 0.0 (-1.562602 < -1.000000)
2026-04-19 11:50:26,487 - DEBUG - No speech threshold is met (0.687385 > 0.600000)
2026-04-19 11:50:26,488 - INFO - Processing audio with duration 00:02.500
2026-04-19 11:50:26,493 - DEBUG - Processing segment at 00:00.000
2026-04-19 11:50:27,458 - DEBUG - Log probability threshold is not met with temperature 0.0 (-1.397624 < -1.000000)
2026-04-19 11:50:27,459 - INFO - Processing audio with duration 00:02.500
2026-04-19 11:50:27,464 - DEBUG - Processing segment at 00:00.000
2026-04-19 11:50:28,419 - DEBUG - Log probability threshold is not met with temperature 0.0 (-1.471001 < -1.000000)
2026-04-19 11:50:28,419 - DEBUG - No speech threshold is met (0.608784 > 0.600000)
2026-04-19 11:50:28,420 - INFO - Processing audio with duration 00:02.500
2026-04-19 11:50:28,424 - DEBUG - Processing segment at 00:00.000
2026-04-19 11:50:29,383 - DEBUG - Log probability threshold is not met with temperature 0.0 (-1.186029 < -1.000000)
2026-04-19 11:50:29,384 - INFO - Processing audio with duration 00:02.500
2026-04-19 11:50:29,390 - DEBUG - Processing segment at 00:00.000
2026-04-19 11:50:30,386 - DEBUG - Log probability threshold is not met with temperature 0.0 (-1.429339 < -1.000000)
2026-04-19 11:50:30,387 - INFO - Processing audio with duration 00:02.500
2026-04-19 11:50:30,393 - DEBUG - Processing segment at 00:00.000
2026-04-19 11:50:31,396 - DEBUG - Log probability threshold is not met with temperature 0.0 (-1.472061 < -1.000000)
2026-04-19 11:50:31,397 - INFO - Processing audio with duration 00:02.500
2026-04-19 11:50:31,404 - DEBUG - Processing segment at 00:00.000
2026-04-19 11:50:32,346 - DEBUG - Log probability threshold is not met with temperature 0.0 (-1.354746 < -1.000000)
2026-04-19 11:50:34,897 - INFO - closeEvent llamado - cerrando aplicación
2026-04-19 11:50:34,899 - INFO - stop_listening ejecutado
2026-04-19 11:50:34,899 - INFO - audio_thread.quit() ejecutado
2026-04-19 11:50:34,900 - INFO - audio_thread.wait() completado
2026-04-19 11:50:34,901 - INFO - transcriber.shutdown() ejecutado
2026-04-19 11:50:34,901 - INFO - closeEvent completado
2026-04-19 11:50:34,952 - INFO - Event loop finalizado con código: 0
2026-04-19 11:50:35,029 - DEBUG - close.started
2026-04-19 11:50:35,029 - DEBUG - close.complete
2026-04-19 11:53:26,135 - INFO - Iniciando aplicación...
2026-04-19 11:53:26,599 - INFO - Precargando Whisper con device=cpu compute_type=int8
2026-04-19 11:53:27,433 - DEBUG - connect_tcp.started host='huggingface.co' port=443 local_address=None timeout=None socket_options=None
2026-04-19 11:53:27,645 - DEBUG - connect_tcp.complete return_value=<httpcore._backends.sync.SyncStream object at 0x00000184846A6510>
2026-04-19 11:53:27,645 - DEBUG - start_tls.started ssl_context=<ssl.SSLContext object at 0x00000184845EB6E0> server_hostname='huggingface.co' timeout=None
2026-04-19 11:53:27,681 - DEBUG - start_tls.complete return_value=<httpcore._backends.sync.SyncStream object at 0x00000184845A79D0>
2026-04-19 11:53:27,685 - DEBUG - send_request_headers.started request=<Request [b'GET']>
2026-04-19 11:53:27,688 - DEBUG - send_request_headers.complete
2026-04-19 11:53:27,691 - DEBUG - send_request_body.started request=<Request [b'GET']>
2026-04-19 11:53:27,701 - DEBUG - send_request_body.complete
2026-04-19 11:53:27,702 - DEBUG - receive_response_headers.started request=<Request [b'GET']>
2026-04-19 11:53:27,878 - DEBUG - receive_response_headers.complete return_value=(b'HTTP/1.1', 200, b'OK', [(b'Content-Type', b'application/json; charset=utf-8'), (b'Transfer-Encoding', b'chunked'), (b'Connection', b'keep-alive'), (b'Date', b'Sun, 19 Apr 2026 14:53:27 GMT'), (b'content-encoding', b'gzip'), (b'ETag', b'W/"7f0-Qd2YZ7UUYdU5l5vNsJuSu34Hp4g"'), (b'X-Powered-By', b'huggingface-moon'), (b'X-Request-Id', b'Root=1-69e4ec67-6997c54f7f25f6ba1218c9fc;1cf2758c-10a5-4db4-b10a-af0e1e3fae92'), (b'RateLimit', b'"api";r=499;t=45'), (b'RateLimit-Policy', b'"fixed window";"api";q=500;w=300'), (b'cross-origin-opener-policy', b'same-origin'), (b'Referrer-Policy', b'strict-origin-when-cross-origin'), (b'Access-Control-Max-Age', b'86400'), (b'Access-Control-Allow-Origin', b'https://huggingface.co'), (b'Vary', b'Origin'), (b'vary', b'Accept-Encoding'), (b'Access-Control-Expose-Headers', b'X-Repo-Commit,X-Request-Id,X-Error-Code,X-Error-Message,X-Total-Count,ETag,Link,Accept-Ranges,Content-Range,X-Linked-Size,X-Linked-ETag,X-Xet-Hash'), (b'X-Cache', b'Miss from cloudfront'), (b'Via', b'1.1 66a153a0c0601ad055d2c4919c759b4e.cloudfront.net (CloudFront)'), (b'X-Amz-Cf-Pop', b'EZE50-P7'), (b'X-Amz-Cf-Id', b'5TPWb9kBiwkDIxIhayM9zhzfQF3GlOdR3t0j8Gcrlk16k5GtQJ_tcg==')])
2026-04-19 11:53:27,880 - INFO - HTTP Request: GET https://huggingface.co/api/models/Systran/faster-whisper-base/revision/main "HTTP/1.1 200 OK"
2026-04-19 11:53:27,880 - DEBUG - receive_response_body.started request=<Request [b'GET']>
2026-04-19 11:53:27,882 - DEBUG - receive_response_body.complete
2026-04-19 11:53:27,882 - DEBUG - response_closed.started
2026-04-19 11:53:27,883 - DEBUG - response_closed.complete
2026-04-19 11:53:28,562 - INFO - Whisper precargado correctamente con device=cpu compute_type=int8
2026-04-19 11:53:28,562 - INFO - Modelo Whisper precargado antes de importar Qt
2026-04-19 11:53:28,840 - INFO - QApplication creado
2026-04-19 11:53:28,895 - INFO - MainWindow creado
2026-04-19 11:53:29,128 - INFO - Ventana mostrada
2026-04-19 11:53:29,129 - INFO - Entrando al event loop
2026-04-19 11:53:29,154 - INFO - Iniciando threads...
2026-04-19 11:53:29,155 - INFO - Threads iniciados exitosamente
2026-04-19 11:53:48,581 - INFO - start_listening() llamado
2026-04-19 11:53:48,582 - INFO - Solicitando inicio de audio...
2026-04-19 11:53:48,585 - INFO - start_stream() llamado
2026-04-19 11:53:48,586 - INFO - Inicializando segmentos y buffer
2026-04-19 11:53:48,586 - INFO - Creando InputStream...
2026-04-19 11:53:49,246 - INFO - InputStream creado exitosamente
2026-04-19 11:53:49,246 - INFO - Iniciando stream...
2026-04-19 11:53:49,247 - INFO - Stream iniciado
2026-04-19 11:53:49,247 - INFO - Estado _running establecido a True
2026-04-19 11:53:49,248 - INFO - Señal status_changed.emit enviada
2026-04-19 11:53:51,829 - INFO - Processing audio with duration 00:02.500
2026-04-19 11:53:51,842 - DEBUG - Processing segment at 00:00.000
2026-04-19 11:53:52,699 - DEBUG - Log probability threshold is not met with temperature 0.0 (-1.640659 < -1.000000)
2026-04-19 11:53:52,701 - INFO - Processing audio with duration 00:02.500
2026-04-19 11:53:52,706 - DEBUG - Processing segment at 00:00.000
2026-04-19 11:53:53,537 - DEBUG - Log probability threshold is not met with temperature 0.0 (-1.718619 < -1.000000)
2026-04-19 11:53:53,538 - INFO - Processing audio with duration 00:02.500
2026-04-19 11:53:53,543 - DEBUG - Processing segment at 00:00.000
2026-04-19 11:53:54,350 - DEBUG - Log probability threshold is not met with temperature 0.0 (-1.049205 < -1.000000)
2026-04-19 11:53:54,351 - INFO - Processing audio with duration 00:02.500
2026-04-19 11:53:54,357 - DEBUG - Processing segment at 00:00.000
2026-04-19 11:53:55,182 - DEBUG - Log probability threshold is not met with temperature 0.0 (-1.700262 < -1.000000)
2026-04-19 11:53:55,666 - INFO - Processing audio with duration 00:02.500
2026-04-19 11:53:55,679 - DEBUG - Processing segment at 00:00.000
2026-04-19 11:53:56,587 - DEBUG - Log probability threshold is not met with temperature 0.0 (-1.249547 < -1.000000)
2026-04-19 11:53:56,588 - INFO - Processing audio with duration 00:02.500
2026-04-19 11:53:56,593 - DEBUG - Processing segment at 00:00.000
2026-04-19 11:53:57,426 - DEBUG - Log probability threshold is not met with temperature 0.0 (-1.684708 < -1.000000)
2026-04-19 11:53:57,427 - INFO - Processing audio with duration 00:02.500
2026-04-19 11:53:57,433 - DEBUG - Processing segment at 00:00.000
2026-04-19 11:53:58,245 - DEBUG - Log probability threshold is not met with temperature 0.0 (-1.259119 < -1.000000)
2026-04-19 11:53:58,246 - INFO - Processing audio with duration 00:02.500
2026-04-19 11:53:58,252 - DEBUG - Processing segment at 00:00.000
2026-04-19 11:53:59,051 - DEBUG - Log probability threshold is not met with temperature 0.0 (-2.005581 < -1.000000)
2026-04-19 11:53:59,052 - INFO - Processing audio with duration 00:02.500
2026-04-19 11:53:59,058 - DEBUG - Processing segment at 00:00.000
2026-04-19 11:53:59,873 - DEBUG - Log probability threshold is not met with temperature 0.0 (-1.057581 < -1.000000)
2026-04-19 11:53:59,874 - INFO - Processing audio with duration 00:02.500
2026-04-19 11:53:59,880 - DEBUG - Processing segment at 00:00.000
2026-04-19 11:54:00,697 - INFO - Processing audio with duration 00:02.500
2026-04-19 11:54:00,704 - DEBUG - Processing segment at 00:00.000
2026-04-19 11:54:01,517 - DEBUG - Log probability threshold is not met with temperature 0.0 (-1.018091 < -1.000000)
2026-04-19 11:54:01,518 - INFO - Processing audio with duration 00:02.500
2026-04-19 11:54:01,524 - DEBUG - Processing segment at 00:00.000
2026-04-19 11:54:02,320 - DEBUG - Log probability threshold is not met with temperature 0.0 (-1.044058 < -1.000000)
2026-04-19 11:54:02,321 - INFO - Processing audio with duration 00:02.500
2026-04-19 11:54:02,327 - DEBUG - Processing segment at 00:00.000
2026-04-19 11:54:03,181 - DEBUG - Log probability threshold is not met with temperature 0.0 (-1.765862 < -1.000000)
2026-04-19 11:54:03,182 - INFO - Processing audio with duration 00:02.500
2026-04-19 11:54:03,188 - DEBUG - Processing segment at 00:00.000
2026-04-19 11:54:04,000 - DEBUG - Log probability threshold is not met with temperature 0.0 (-1.129462 < -1.000000)
2026-04-19 11:54:05,387 - INFO - Processing audio with duration 00:02.500
2026-04-19 11:54:05,397 - DEBUG - Processing segment at 00:00.000
2026-04-19 11:54:06,216 - DEBUG - Log probability threshold is not met with temperature 0.0 (-1.803354 < -1.000000)
2026-04-19 11:54:06,216 - DEBUG - No speech threshold is met (0.768502 > 0.600000)
2026-04-19 11:54:06,217 - INFO - Processing audio with duration 00:02.500
2026-04-19 11:54:06,222 - DEBUG - Processing segment at 00:00.000
2026-04-19 11:54:07,067 - DEBUG - Log probability threshold is not met with temperature 0.0 (-1.068978 < -1.000000)
2026-04-19 11:54:07,068 - INFO - Processing audio with duration 00:02.500
2026-04-19 11:54:07,073 - DEBUG - Processing segment at 00:00.000
2026-04-19 11:54:07,897 - DEBUG - Log probability threshold is not met with temperature 0.0 (-1.094365 < -1.000000)
2026-04-19 11:54:07,898 - INFO - Processing audio with duration 00:02.500
2026-04-19 11:54:07,903 - DEBUG - Processing segment at 00:00.000
2026-04-19 11:54:08,713 - DEBUG - Log probability threshold is not met with temperature 0.0 (-1.408607 < -1.000000)
2026-04-19 11:54:08,714 - INFO - Processing audio with duration 00:02.500
2026-04-19 11:54:08,720 - DEBUG - Processing segment at 00:00.000
2026-04-19 11:54:09,574 - DEBUG - Log probability threshold is not met with temperature 0.0 (-1.540929 < -1.000000)
2026-04-19 11:54:09,575 - INFO - Processing audio with duration 00:02.500
2026-04-19 11:54:09,581 - DEBUG - Processing segment at 00:00.000
2026-04-19 11:54:10,419 - DEBUG - Log probability threshold is not met with temperature 0.0 (-1.722282 < -1.000000)
2026-04-19 11:54:10,419 - INFO - Processing audio with duration 00:02.500
2026-04-19 11:54:10,425 - DEBUG - Processing segment at 00:00.000
2026-04-19 11:54:11,255 - DEBUG - Log probability threshold is not met with temperature 0.0 (-1.555615 < -1.000000)
2026-04-19 11:54:11,256 - INFO - Processing audio with duration 00:02.500
2026-04-19 11:54:11,262 - DEBUG - Processing segment at 00:00.000
2026-04-19 11:54:12,047 - DEBUG - Log probability threshold is not met with temperature 0.0 (-1.554111 < -1.000000)
2026-04-19 11:54:12,173 - INFO - Processing audio with duration 00:02.500
2026-04-19 11:54:12,178 - DEBUG - Processing segment at 00:00.000
2026-04-19 11:54:12,991 - INFO - Processing audio with duration 00:02.500
2026-04-19 11:54:12,998 - DEBUG - Processing segment at 00:00.000
2026-04-19 11:54:13,838 - DEBUG - Log probability threshold is not met with temperature 0.0 (-1.139086 < -1.000000)
2026-04-19 11:54:13,839 - INFO - Processing audio with duration 00:02.500
2026-04-19 11:54:13,844 - DEBUG - Processing segment at 00:00.000
2026-04-19 11:54:14,696 - DEBUG - Log probability threshold is not met with temperature 0.0 (-1.391526 < -1.000000)
2026-04-19 11:54:14,697 - INFO - Processing audio with duration 00:02.500
2026-04-19 11:54:14,703 - DEBUG - Processing segment at 00:00.000
2026-04-19 11:54:15,565 - DEBUG - Log probability threshold is not met with temperature 0.0 (-1.382297 < -1.000000)
2026-04-19 11:54:15,566 - INFO - Processing audio with duration 00:02.500
2026-04-19 11:54:15,572 - DEBUG - Processing segment at 00:00.000
2026-04-19 11:54:16,378 - DEBUG - Log probability threshold is not met with temperature 0.0 (-1.462122 < -1.000000)
2026-04-19 11:54:16,379 - INFO - Processing audio with duration 00:02.500
2026-04-19 11:54:16,385 - DEBUG - Processing segment at 00:00.000
2026-04-19 11:54:17,202 - DEBUG - Log probability threshold is not met with temperature 0.0 (-1.375912 < -1.000000)
2026-04-19 11:54:17,204 - INFO - Processing audio with duration 00:02.500
2026-04-19 11:54:17,209 - DEBUG - Processing segment at 00:00.000
2026-04-19 11:54:18,006 - DEBUG - Log probability threshold is not met with temperature 0.0 (-1.008835 < -1.000000)
2026-04-19 11:54:18,007 - INFO - Processing audio with duration 00:02.500
2026-04-19 11:54:18,012 - DEBUG - Processing segment at 00:00.000
2026-04-19 11:54:18,838 - INFO - Processing audio with duration 00:02.500
2026-04-19 11:54:18,843 - DEBUG - Processing segment at 00:00.000
2026-04-19 11:54:19,674 - DEBUG - Log probability threshold is not met with temperature 0.0 (-1.656071 < -1.000000)
2026-04-19 11:54:19,675 - INFO - Processing audio with duration 00:02.500
2026-04-19 11:54:19,680 - DEBUG - Processing segment at 00:00.000
2026-04-19 11:54:20,512 - DEBUG - Log probability threshold is not met with temperature 0.0 (-1.392452 < -1.000000)
2026-04-19 11:54:20,513 - INFO - Processing audio with duration 00:02.500
2026-04-19 11:54:20,518 - DEBUG - Processing segment at 00:00.000
2026-04-19 11:54:21,356 - DEBUG - Log probability threshold is not met with temperature 0.0 (-1.367738 < -1.000000)
2026-04-19 11:54:21,357 - INFO - Processing audio with duration 00:02.500
2026-04-19 11:54:21,363 - DEBUG - Processing segment at 00:00.000
2026-04-19 11:54:22,265 - DEBUG - Log probability threshold is not met with temperature 0.0 (-2.195143 < -1.000000)
2026-04-19 11:54:22,667 - INFO - Processing audio with duration 00:02.500
2026-04-19 11:54:22,676 - DEBUG - Processing segment at 00:00.000
2026-04-19 11:54:23,565 - DEBUG - Log probability threshold is not met with temperature 0.0 (-1.343966 < -1.000000)
2026-04-19 11:54:23,566 - INFO - Processing audio with duration 00:02.500
2026-04-19 11:54:23,572 - DEBUG - Processing segment at 00:00.000
2026-04-19 11:54:24,545 - DEBUG - Log probability threshold is not met with temperature 0.0 (-1.369100 < -1.000000)
2026-04-19 11:54:24,546 - INFO - Processing audio with duration 00:02.500
2026-04-19 11:54:24,552 - DEBUG - Processing segment at 00:00.000
2026-04-19 11:54:25,526 - DEBUG - Log probability threshold is not met with temperature 0.0 (-1.248470 < -1.000000)
2026-04-19 11:54:25,527 - INFO - Processing audio with duration 00:02.500
2026-04-19 11:54:25,533 - DEBUG - Processing segment at 00:00.000
2026-04-19 11:54:26,571 - DEBUG - Log probability threshold is not met with temperature 0.0 (-1.119630 < -1.000000)
2026-04-19 11:54:26,572 - INFO - Processing audio with duration 00:02.500
2026-04-19 11:54:26,579 - DEBUG - Processing segment at 00:00.000
2026-04-19 11:54:27,482 - DEBUG - Log probability threshold is not met with temperature 0.0 (-1.305589 < -1.000000)
2026-04-19 11:54:27,483 - INFO - Processing audio with duration 00:02.500
2026-04-19 11:54:27,489 - DEBUG - Processing segment at 00:00.000
2026-04-19 11:54:28,435 - DEBUG - Log probability threshold is not met with temperature 0.0 (-1.655725 < -1.000000)
2026-04-19 11:54:28,436 - INFO - Processing audio with duration 00:02.500
2026-04-19 11:54:28,443 - DEBUG - Processing segment at 00:00.000
2026-04-19 11:54:29,456 - DEBUG - Log probability threshold is not met with temperature 0.0 (-1.188546 < -1.000000)
2026-04-19 11:54:29,457 - INFO - Processing audio with duration 00:02.500
2026-04-19 11:54:29,464 - DEBUG - Processing segment at 00:00.000
2026-04-19 11:54:30,422 - DEBUG - Log probability threshold is not met with temperature 0.0 (-1.731038 < -1.000000)
2026-04-19 11:54:30,423 - DEBUG - No speech threshold is met (0.670155 > 0.600000)
2026-04-19 11:54:31,456 - INFO - closeEvent llamado - cerrando aplicación
2026-04-19 11:54:31,457 - INFO - stop_listening ejecutado
2026-04-19 11:54:31,458 - INFO - audio_thread.quit() ejecutado
2026-04-19 11:54:31,460 - INFO - audio_thread.wait() completado
2026-04-19 11:54:31,461 - INFO - transcriber.shutdown() ejecutado
2026-04-19 11:54:31,461 - INFO - closeEvent completado
2026-04-19 11:54:31,545 - INFO - Event loop finalizado con código: 0
2026-04-19 11:54:31,646 - DEBUG - close.started
2026-04-19 11:54:31,647 - DEBUG - close.complete
2026-04-19 12:05:22,837 - INFO - Iniciando aplicación...
2026-04-19 12:05:23,823 - INFO - Precargando Whisper con device=cpu compute_type=int8
2026-04-19 12:05:25,084 - DEBUG - connect_tcp.started host='huggingface.co' port=443 local_address=None timeout=None socket_options=None
2026-04-19 12:05:26,127 - DEBUG - connect_tcp.complete return_value=<httpcore._backends.sync.SyncStream object at 0x0000029F0AD36510>
2026-04-19 12:05:26,128 - DEBUG - start_tls.started ssl_context=<ssl.SSLContext object at 0x0000029F0AC7B6E0> server_hostname='huggingface.co' timeout=None
2026-04-19 12:05:26,342 - DEBUG - start_tls.complete return_value=<httpcore._backends.sync.SyncStream object at 0x0000029F0AC379D0>
2026-04-19 12:05:26,343 - DEBUG - send_request_headers.started request=<Request [b'GET']>
2026-04-19 12:05:26,344 - DEBUG - send_request_headers.complete
2026-04-19 12:05:26,345 - DEBUG - send_request_body.started request=<Request [b'GET']>
2026-04-19 12:05:26,346 - DEBUG - send_request_body.complete
2026-04-19 12:05:26,346 - DEBUG - receive_response_headers.started request=<Request [b'GET']>
2026-04-19 12:05:26,533 - DEBUG - receive_response_headers.complete return_value=(b'HTTP/1.1', 200, b'OK', [(b'Content-Type', b'application/json; charset=utf-8'), (b'Transfer-Encoding', b'chunked'), (b'Connection', b'keep-alive'), (b'Date', b'Sun, 19 Apr 2026 15:05:26 GMT'), (b'content-encoding', b'gzip'), (b'ETag', b'W/"7f0-Qd2YZ7UUYdU5l5vNsJuSu34Hp4g"'), (b'X-Powered-By', b'huggingface-moon'), (b'X-Request-Id', b'Root=1-69e4ef36-29a121cd0fc0cb29657523e8;ba0a3f29-d0a8-403d-8edb-72f422044bef'), (b'RateLimit', b'"api";r=499;t=226'), (b'RateLimit-Policy', b'"fixed window";"api";q=500;w=300'), (b'cross-origin-opener-policy', b'same-origin'), (b'Referrer-Policy', b'strict-origin-when-cross-origin'), (b'Access-Control-Max-Age', b'86400'), (b'Access-Control-Allow-Origin', b'https://huggingface.co'), (b'Vary', b'Origin'), (b'vary', b'Accept-Encoding'), (b'Access-Control-Expose-Headers', b'X-Repo-Commit,X-Request-Id,X-Error-Code,X-Error-Message,X-Total-Count,ETag,Link,Accept-Ranges,Content-Range,X-Linked-Size,X-Linked-ETag,X-Xet-Hash'), (b'X-Cache', b'Miss from cloudfront'), (b'Via', b'1.1 de00453852ed7ab67b7787f95a3999d4.cloudfront.net (CloudFront)'), (b'X-Amz-Cf-Pop', b'EZE50-P7'), (b'X-Amz-Cf-Id', b'0EWwWE27N1Ub4ZDuhZ1lc2CXTtkgwSY7a4HM5SHFHphhAGkWFH4c5g==')])
2026-04-19 12:05:26,535 - INFO - HTTP Request: GET https://huggingface.co/api/models/Systran/faster-whisper-base/revision/main "HTTP/1.1 200 OK"
2026-04-19 12:05:26,538 - DEBUG - receive_response_body.started request=<Request [b'GET']>
2026-04-19 12:05:26,540 - DEBUG - receive_response_body.complete
2026-04-19 12:05:26,541 - DEBUG - response_closed.started
2026-04-19 12:05:26,542 - DEBUG - response_closed.complete
2026-04-19 12:05:27,442 - INFO - Whisper precargado correctamente con device=cpu compute_type=int8
2026-04-19 12:05:27,443 - INFO - Modelo Whisper precargado antes de importar Qt
2026-04-19 12:05:28,022 - INFO - QApplication creado
2026-04-19 12:05:28,159 - INFO - MainWindow creado
2026-04-19 12:05:28,573 - INFO - Ventana mostrada
2026-04-19 12:05:28,574 - INFO - Entrando al event loop
2026-04-19 12:05:28,592 - INFO - Iniciando threads...
2026-04-19 12:05:28,592 - INFO - Threads iniciados exitosamente
2026-04-19 12:05:32,182 - INFO - start_listening() llamado
2026-04-19 12:05:32,183 - INFO - Solicitando inicio de audio...
2026-04-19 12:05:32,186 - INFO - start_stream() llamado
2026-04-19 12:05:32,189 - INFO - Inicializando segmentos y buffer
2026-04-19 12:05:32,192 - INFO - Creando InputStream con device=Mezcla estéreo (Realtek HD Audio Stereo input) (Windows WDM-KS)
2026-04-19 12:05:32,200 - ERROR - Error al abrir entrada de audio: Error opening InputStream: Invalid device [PaErrorCode -9996]
Traceback (most recent call last):
  File "C:\Users\jwumo\ProyectosLetrasEnVivo\app_runtime.py", line 486, in start_stream
    self._stream = sd.InputStream(
                   ~~~~~~~~~~~~~~^
        **stream_kwargs,
        ^^^^^^^^^^^^^^^^
    )
    ^
  File "C:\Users\jwumo\ProyectosLetrasEnVivo\venv\Lib\site-packages\sounddevice.py", line 1457, in __init__
    _StreamBase.__init__(self, kind='input', wrap_callback='array',
    ~~~~~~~~~~~~~~~~~~~~^^^^^^^^^^^^^^^^^^^^^^^^^^^^^^^^^^^^^^^^^^^
                         **_remove_self(locals()))
                         ^^^^^^^^^^^^^^^^^^^^^^^^^
  File "C:\Users\jwumo\ProyectosLetrasEnVivo\venv\Lib\site-packages\sounddevice.py", line 914, in __init__
    _check(_lib.Pa_OpenStream(self._ptr, iparameters, oparameters,
    ~~~~~~^^^^^^^^^^^^^^^^^^^^^^^^^^^^^^^^^^^^^^^^^^^^^^^^^^^^^^^^
                              samplerate, blocksize, stream_flags,
                              ^^^^^^^^^^^^^^^^^^^^^^^^^^^^^^^^^^^^
                              callback_ptr, userdata),
                              ^^^^^^^^^^^^^^^^^^^^^^^^
           f'Error opening {self.__class__.__name__}')
           ^^^^^^^^^^^^^^^^^^^^^^^^^^^^^^^^^^^^^^^^^^^
  File "C:\Users\jwumo\ProyectosLetrasEnVivo\venv\Lib\site-packages\sounddevice.py", line 2838, in _check
    raise PortAudioError(errormsg, err)
sounddevice.PortAudioError: Error opening InputStream: Invalid device [PaErrorCode -9996]
2026-04-19 12:05:32,213 - ERROR - Señal error_occurred.emit enviada
2026-04-19 12:05:41,281 - INFO - start_listening() llamado
2026-04-19 12:05:41,282 - INFO - Solicitando inicio de audio...
2026-04-19 12:05:41,286 - INFO - start_stream() llamado
2026-04-19 12:05:41,287 - INFO - Inicializando segmentos y buffer
2026-04-19 12:05:41,289 - INFO - Creando InputStream con device=Mezcla estéreo (Realtek HD Audio Stereo input) (Windows WDM-KS)
2026-04-19 12:05:41,316 - ERROR - Error al abrir entrada de audio: Error opening InputStream: Invalid device [PaErrorCode -9996]
Traceback (most recent call last):
  File "C:\Users\jwumo\ProyectosLetrasEnVivo\app_runtime.py", line 486, in start_stream
    self._stream = sd.InputStream(
                   ~~~~~~~~~~~~~~^
        **stream_kwargs,
        ^^^^^^^^^^^^^^^^
    )
    ^
  File "C:\Users\jwumo\ProyectosLetrasEnVivo\venv\Lib\site-packages\sounddevice.py", line 1457, in __init__
    _StreamBase.__init__(self, kind='input', wrap_callback='array',
    ~~~~~~~~~~~~~~~~~~~~^^^^^^^^^^^^^^^^^^^^^^^^^^^^^^^^^^^^^^^^^^^
                         **_remove_self(locals()))
                         ^^^^^^^^^^^^^^^^^^^^^^^^^
  File "C:\Users\jwumo\ProyectosLetrasEnVivo\venv\Lib\site-packages\sounddevice.py", line 914, in __init__
    _check(_lib.Pa_OpenStream(self._ptr, iparameters, oparameters,
    ~~~~~~^^^^^^^^^^^^^^^^^^^^^^^^^^^^^^^^^^^^^^^^^^^^^^^^^^^^^^^^
                              samplerate, blocksize, stream_flags,
                              ^^^^^^^^^^^^^^^^^^^^^^^^^^^^^^^^^^^^
                              callback_ptr, userdata),
                              ^^^^^^^^^^^^^^^^^^^^^^^^
           f'Error opening {self.__class__.__name__}')
           ^^^^^^^^^^^^^^^^^^^^^^^^^^^^^^^^^^^^^^^^^^^
  File "C:\Users\jwumo\ProyectosLetrasEnVivo\venv\Lib\site-packages\sounddevice.py", line 2838, in _check
    raise PortAudioError(errormsg, err)
sounddevice.PortAudioError: Error opening InputStream: Invalid device [PaErrorCode -9996]
2026-04-19 12:05:41,320 - ERROR - Señal error_occurred.emit enviada
2026-04-19 12:05:44,192 - INFO - start_listening() llamado
2026-04-19 12:05:44,193 - INFO - Solicitando inicio de audio...
2026-04-19 12:05:44,197 - INFO - start_stream() llamado
2026-04-19 12:05:44,198 - INFO - Inicializando segmentos y buffer
2026-04-19 12:05:44,199 - INFO - Creando InputStream con device=Mezcla estéreo (Realtek HD Audio Stereo input) (Windows WDM-KS)
2026-04-19 12:05:44,206 - ERROR - Error al abrir entrada de audio: Error opening InputStream: Invalid device [PaErrorCode -9996]
Traceback (most recent call last):
  File "C:\Users\jwumo\ProyectosLetrasEnVivo\app_runtime.py", line 486, in start_stream
    self._stream = sd.InputStream(
                   ~~~~~~~~~~~~~~^
        **stream_kwargs,
        ^^^^^^^^^^^^^^^^
    )
    ^
  File "C:\Users\jwumo\ProyectosLetrasEnVivo\venv\Lib\site-packages\sounddevice.py", line 1457, in __init__
    _StreamBase.__init__(self, kind='input', wrap_callback='array',
    ~~~~~~~~~~~~~~~~~~~~^^^^^^^^^^^^^^^^^^^^^^^^^^^^^^^^^^^^^^^^^^^
                         **_remove_self(locals()))
                         ^^^^^^^^^^^^^^^^^^^^^^^^^
  File "C:\Users\jwumo\ProyectosLetrasEnVivo\venv\Lib\site-packages\sounddevice.py", line 914, in __init__
    _check(_lib.Pa_OpenStream(self._ptr, iparameters, oparameters,
    ~~~~~~^^^^^^^^^^^^^^^^^^^^^^^^^^^^^^^^^^^^^^^^^^^^^^^^^^^^^^^^
                              samplerate, blocksize, stream_flags,
                              ^^^^^^^^^^^^^^^^^^^^^^^^^^^^^^^^^^^^
                              callback_ptr, userdata),
                              ^^^^^^^^^^^^^^^^^^^^^^^^
           f'Error opening {self.__class__.__name__}')
           ^^^^^^^^^^^^^^^^^^^^^^^^^^^^^^^^^^^^^^^^^^^
  File "C:\Users\jwumo\ProyectosLetrasEnVivo\venv\Lib\site-packages\sounddevice.py", line 2838, in _check
    raise PortAudioError(errormsg, err)
sounddevice.PortAudioError: Error opening InputStream: Invalid device [PaErrorCode -9996]
2026-04-19 12:05:44,208 - ERROR - Señal error_occurred.emit enviada
2026-04-19 12:05:47,170 - INFO - closeEvent llamado - cerrando aplicación
2026-04-19 12:05:47,170 - INFO - stop_listening ejecutado
2026-04-19 12:05:47,171 - INFO - audio_thread.quit() ejecutado
2026-04-19 12:05:47,173 - INFO - audio_thread.wait() completado
2026-04-19 12:05:47,174 - INFO - transcriber.shutdown() ejecutado
2026-04-19 12:05:47,176 - INFO - closeEvent completado
2026-04-19 12:05:47,249 - INFO - Event loop finalizado con código: 0
2026-04-19 12:05:47,356 - DEBUG - close.started
2026-04-19 12:05:47,381 - DEBUG - close.complete
2026-04-19 12:11:52,452 - INFO - Iniciando aplicación...
2026-04-19 12:11:53,098 - INFO - Precargando Whisper con device=cpu compute_type=int8
2026-04-19 12:11:54,175 - DEBUG - connect_tcp.started host='huggingface.co' port=443 local_address=None timeout=None socket_options=None
2026-04-19 12:11:54,233 - DEBUG - connect_tcp.complete return_value=<httpcore._backends.sync.SyncStream object at 0x00000212A9D26510>
2026-04-19 12:11:54,234 - DEBUG - start_tls.started ssl_context=<ssl.SSLContext object at 0x00000212A9C6B6E0> server_hostname='huggingface.co' timeout=None
2026-04-19 12:11:54,279 - DEBUG - start_tls.complete return_value=<httpcore._backends.sync.SyncStream object at 0x00000212A9C1F9D0>
2026-04-19 12:11:54,280 - DEBUG - send_request_headers.started request=<Request [b'GET']>
2026-04-19 12:11:54,281 - DEBUG - send_request_headers.complete
2026-04-19 12:11:54,282 - DEBUG - send_request_body.started request=<Request [b'GET']>
2026-04-19 12:11:54,283 - DEBUG - send_request_body.complete
2026-04-19 12:11:54,283 - DEBUG - receive_response_headers.started request=<Request [b'GET']>
2026-04-19 12:11:54,472 - DEBUG - receive_response_headers.complete return_value=(b'HTTP/1.1', 200, b'OK', [(b'Content-Type', b'application/json; charset=utf-8'), (b'Transfer-Encoding', b'chunked'), (b'Connection', b'keep-alive'), (b'Date', b'Sun, 19 Apr 2026 15:11:54 GMT'), (b'content-encoding', b'gzip'), (b'ETag', b'W/"7f0-Qd2YZ7UUYdU5l5vNsJuSu34Hp4g"'), (b'X-Powered-By', b'huggingface-moon'), (b'X-Request-Id', b'Root=1-69e4f0ba-0cdcc3cc395910e3018bc26b;262ec0f7-5d1a-4937-b4ae-0708a7aa321b'), (b'RateLimit', b'"api";r=499;t=258'), (b'RateLimit-Policy', b'"fixed window";"api";q=500;w=300'), (b'cross-origin-opener-policy', b'same-origin'), (b'Referrer-Policy', b'strict-origin-when-cross-origin'), (b'Access-Control-Max-Age', b'86400'), (b'Access-Control-Allow-Origin', b'https://huggingface.co'), (b'Vary', b'Origin'), (b'vary', b'Accept-Encoding'), (b'Access-Control-Expose-Headers', b'X-Repo-Commit,X-Request-Id,X-Error-Code,X-Error-Message,X-Total-Count,ETag,Link,Accept-Ranges,Content-Range,X-Linked-Size,X-Linked-ETag,X-Xet-Hash'), (b'X-Cache', b'Miss from cloudfront'), (b'Via', b'1.1 d1a124b1a9c3ad193facfe43399e13fe.cloudfront.net (CloudFront)'), (b'X-Amz-Cf-Pop', b'EZE50-P7'), (b'X-Amz-Cf-Id', b'yK4fiqEP1wDjlaE_f3ip4FfruTktPLn9_gWUhAYzarZIFR3uKs4fXQ==')])
2026-04-19 12:11:54,473 - INFO - HTTP Request: GET https://huggingface.co/api/models/Systran/faster-whisper-base/revision/main "HTTP/1.1 200 OK"
2026-04-19 12:11:54,474 - DEBUG - receive_response_body.started request=<Request [b'GET']>
2026-04-19 12:11:54,475 - DEBUG - receive_response_body.complete
2026-04-19 12:11:54,476 - DEBUG - response_closed.started
2026-04-19 12:11:54,476 - DEBUG - response_closed.complete
2026-04-19 12:11:55,233 - INFO - Whisper precargado correctamente con device=cpu compute_type=int8
2026-04-19 12:11:55,233 - INFO - Modelo Whisper precargado antes de importar Qt
2026-04-19 12:11:55,569 - INFO - QApplication creado
2026-04-19 12:11:55,638 - INFO - MainWindow creado
2026-04-19 12:11:55,886 - INFO - Ventana mostrada
2026-04-19 12:11:55,887 - INFO - Entrando al event loop
2026-04-19 12:11:55,901 - INFO - Iniciando threads...
2026-04-19 12:11:55,901 - INFO - Threads iniciados exitosamente
2026-04-19 12:12:01,525 - ERROR - Señal recibida: 2
2026-04-19 12:16:32,384 - INFO - Iniciando aplicación...
2026-04-19 12:16:33,015 - INFO - Precargando Whisper con device=cpu compute_type=int8
2026-04-19 12:16:34,073 - DEBUG - connect_tcp.started host='huggingface.co' port=443 local_address=None timeout=None socket_options=None
2026-04-19 12:16:34,139 - DEBUG - connect_tcp.complete return_value=<httpcore._backends.sync.SyncStream object at 0x0000016545656510>
2026-04-19 12:16:34,140 - DEBUG - start_tls.started ssl_context=<ssl.SSLContext object at 0x000001654558B6E0> server_hostname='huggingface.co' timeout=None
2026-04-19 12:16:34,179 - DEBUG - start_tls.complete return_value=<httpcore._backends.sync.SyncStream object at 0x000001654554F9D0>
2026-04-19 12:16:34,180 - DEBUG - send_request_headers.started request=<Request [b'GET']>
2026-04-19 12:16:34,183 - DEBUG - send_request_headers.complete
2026-04-19 12:16:34,184 - DEBUG - send_request_body.started request=<Request [b'GET']>
2026-04-19 12:16:34,185 - DEBUG - send_request_body.complete
2026-04-19 12:16:34,186 - DEBUG - receive_response_headers.started request=<Request [b'GET']>
2026-04-19 12:16:34,390 - DEBUG - receive_response_headers.complete return_value=(b'HTTP/1.1', 200, b'OK', [(b'Content-Type', b'application/json; charset=utf-8'), (b'Transfer-Encoding', b'chunked'), (b'Connection', b'keep-alive'), (b'Date', b'Sun, 19 Apr 2026 15:16:34 GMT'), (b'content-encoding', b'gzip'), (b'ETag', b'W/"7f0-Qd2YZ7UUYdU5l5vNsJuSu34Hp4g"'), (b'X-Powered-By', b'huggingface-moon'), (b'X-Request-Id', b'Root=1-69e4f1d2-0727f0cb4a363cf123c3c63d;0f228ffd-f745-4f81-80af-bf7507093162'), (b'RateLimit', b'"api";r=499;t=158'), (b'RateLimit-Policy', b'"fixed window";"api";q=500;w=300'), (b'cross-origin-opener-policy', b'same-origin'), (b'Referrer-Policy', b'strict-origin-when-cross-origin'), (b'Access-Control-Max-Age', b'86400'), (b'Access-Control-Allow-Origin', b'https://huggingface.co'), (b'Vary', b'Origin'), (b'vary', b'Accept-Encoding'), (b'Access-Control-Expose-Headers', b'X-Repo-Commit,X-Request-Id,X-Error-Code,X-Error-Message,X-Total-Count,ETag,Link,Accept-Ranges,Content-Range,X-Linked-Size,X-Linked-ETag,X-Xet-Hash'), (b'X-Cache', b'Miss from cloudfront'), (b'Via', b'1.1 239a9816dd7a53783453d6d58aadfeb2.cloudfront.net (CloudFront)'), (b'X-Amz-Cf-Pop', b'EZE50-P7'), (b'X-Amz-Cf-Id', b'XJipRn6iPSB5ChJF0OyR7SvvCmHz-c22Ap620T8PkUsF3eAOHYlUDA==')])
2026-04-19 12:16:34,392 - INFO - HTTP Request: GET https://huggingface.co/api/models/Systran/faster-whisper-base/revision/main "HTTP/1.1 200 OK"
2026-04-19 12:16:34,393 - DEBUG - receive_response_body.started request=<Request [b'GET']>
2026-04-19 12:16:34,394 - DEBUG - receive_response_body.complete
2026-04-19 12:16:34,394 - DEBUG - response_closed.started
2026-04-19 12:16:34,395 - DEBUG - response_closed.complete
2026-04-19 12:16:35,090 - INFO - Whisper precargado correctamente con device=cpu compute_type=int8
2026-04-19 12:16:35,091 - INFO - Modelo Whisper precargado antes de importar Qt
2026-04-19 12:16:35,387 - INFO - QApplication creado
2026-04-19 12:16:35,435 - INFO - MainWindow creado
2026-04-19 12:16:35,714 - INFO - Ventana mostrada
2026-04-19 12:16:35,714 - INFO - Entrando al event loop
2026-04-19 12:16:35,726 - INFO - Iniciando threads...
2026-04-19 12:16:35,726 - INFO - Threads iniciados exitosamente
2026-04-19 12:16:42,192 - ERROR - Señal recibida: 2
2026-04-19 12:17:43,593 - INFO - Iniciando aplicación...
2026-04-19 12:17:44,196 - INFO - Precargando Whisper con device=cpu compute_type=int8
2026-04-19 12:17:45,180 - DEBUG - connect_tcp.started host='huggingface.co' port=443 local_address=None timeout=None socket_options=None
2026-04-19 12:17:45,808 - DEBUG - connect_tcp.complete return_value=<httpcore._backends.sync.SyncStream object at 0x00000200F945E3C0>
2026-04-19 12:17:45,808 - DEBUG - start_tls.started ssl_context=<ssl.SSLContext object at 0x00000200F93735C0> server_hostname='huggingface.co' timeout=None
2026-04-19 12:17:45,978 - DEBUG - start_tls.complete return_value=<httpcore._backends.sync.SyncStream object at 0x00000200F9323B10>
2026-04-19 12:17:45,978 - DEBUG - send_request_headers.started request=<Request [b'GET']>
2026-04-19 12:17:45,980 - DEBUG - send_request_headers.complete
2026-04-19 12:17:45,980 - DEBUG - send_request_body.started request=<Request [b'GET']>
2026-04-19 12:17:45,980 - DEBUG - send_request_body.complete
2026-04-19 12:17:45,981 - DEBUG - receive_response_headers.started request=<Request [b'GET']>
2026-04-19 12:17:46,176 - DEBUG - receive_response_headers.complete return_value=(b'HTTP/1.1', 200, b'OK', [(b'Content-Type', b'application/json; charset=utf-8'), (b'Transfer-Encoding', b'chunked'), (b'Connection', b'keep-alive'), (b'Date', b'Sun, 19 Apr 2026 15:17:46 GMT'), (b'content-encoding', b'gzip'), (b'ETag', b'W/"7f0-Qd2YZ7UUYdU5l5vNsJuSu34Hp4g"'), (b'X-Powered-By', b'huggingface-moon'), (b'X-Request-Id', b'Root=1-69e4f21a-6891c7432cc641ee434f24d5;6db7e20f-cf54-4352-b405-a2b5a4e613e3'), (b'RateLimit', b'"api";r=498;t=86'), (b'RateLimit-Policy', b'"fixed window";"api";q=500;w=300'), (b'cross-origin-opener-policy', b'same-origin'), (b'Referrer-Policy', b'strict-origin-when-cross-origin'), (b'Access-Control-Max-Age', b'86400'), (b'Access-Control-Allow-Origin', b'https://huggingface.co'), (b'Vary', b'Origin'), (b'vary', b'Accept-Encoding'), (b'Access-Control-Expose-Headers', b'X-Repo-Commit,X-Request-Id,X-Error-Code,X-Error-Message,X-Total-Count,ETag,Link,Accept-Ranges,Content-Range,X-Linked-Size,X-Linked-ETag,X-Xet-Hash'), (b'X-Cache', b'Miss from cloudfront'), (b'Via', b'1.1 397ab63d724b0e63a7c5aa1654ae78d0.cloudfront.net (CloudFront)'), (b'X-Amz-Cf-Pop', b'EZE50-P7'), (b'X-Amz-Cf-Id', b'X1z9tu1qa6lEuxBrWK-tF5WAAY3cfM884u37cxwrxBJG4VtHAfN5-Q==')])
2026-04-19 12:17:46,178 - INFO - HTTP Request: GET https://huggingface.co/api/models/Systran/faster-whisper-base/revision/main "HTTP/1.1 200 OK"
2026-04-19 12:17:46,179 - DEBUG - receive_response_body.started request=<Request [b'GET']>
2026-04-19 12:17:46,180 - DEBUG - receive_response_body.complete
2026-04-19 12:17:46,181 - DEBUG - response_closed.started
2026-04-19 12:17:46,181 - DEBUG - response_closed.complete
2026-04-19 12:17:47,005 - INFO - Whisper precargado correctamente con device=cpu compute_type=int8
2026-04-19 12:17:47,005 - INFO - Modelo Whisper precargado antes de importar Qt
2026-04-19 12:17:47,300 - INFO - QApplication creado
2026-04-19 12:17:47,332 - INFO - MainWindow creado
2026-04-19 12:17:47,562 - INFO - Ventana mostrada
2026-04-19 12:17:47,562 - INFO - Entrando al event loop
2026-04-19 12:17:47,577 - INFO - Iniciando threads...
2026-04-19 12:17:47,577 - INFO - Threads iniciados exitosamente
2026-04-19 12:21:07,512 - INFO - Iniciando aplicacion...
2026-04-19 12:21:08,083 - INFO - Precargando Whisper con device=cpu compute_type=int8
2026-04-19 12:21:09,086 - DEBUG - connect_tcp.started host='huggingface.co' port=443 local_address=None timeout=None socket_options=None
2026-04-19 12:21:09,145 - DEBUG - connect_tcp.complete return_value=<httpcore._backends.sync.SyncStream object at 0x0000027AAB8E6510>
2026-04-19 12:21:09,146 - DEBUG - start_tls.started ssl_context=<ssl.SSLContext object at 0x0000027AAB82B6E0> server_hostname='huggingface.co' timeout=None
2026-04-19 12:21:09,184 - DEBUG - start_tls.complete return_value=<httpcore._backends.sync.SyncStream object at 0x0000027AAB7D3B10>
2026-04-19 12:21:09,186 - DEBUG - send_request_headers.started request=<Request [b'GET']>
2026-04-19 12:21:09,187 - DEBUG - send_request_headers.complete
2026-04-19 12:21:09,188 - DEBUG - send_request_body.started request=<Request [b'GET']>
2026-04-19 12:21:09,188 - DEBUG - send_request_body.complete
2026-04-19 12:21:09,189 - DEBUG - receive_response_headers.started request=<Request [b'GET']>
2026-04-19 12:21:09,377 - DEBUG - receive_response_headers.complete return_value=(b'HTTP/1.1', 200, b'OK', [(b'Content-Type', b'application/json; charset=utf-8'), (b'Transfer-Encoding', b'chunked'), (b'Connection', b'keep-alive'), (b'Date', b'Sun, 19 Apr 2026 15:21:09 GMT'), (b'content-encoding', b'gzip'), (b'ETag', b'W/"7f0-Qd2YZ7UUYdU5l5vNsJuSu34Hp4g"'), (b'X-Powered-By', b'huggingface-moon'), (b'X-Request-Id', b'Root=1-69e4f2e5-3f22d0314e78231853d4dab2;1cb94b32-373c-46d6-90dc-ebd182820ff3'), (b'RateLimit', b'"api";r=499;t=3'), (b'RateLimit-Policy', b'"fixed window";"api";q=500;w=300'), (b'cross-origin-opener-policy', b'same-origin'), (b'Referrer-Policy', b'strict-origin-when-cross-origin'), (b'Access-Control-Max-Age', b'86400'), (b'Access-Control-Allow-Origin', b'https://huggingface.co'), (b'Vary', b'Origin'), (b'vary', b'Accept-Encoding'), (b'Access-Control-Expose-Headers', b'X-Repo-Commit,X-Request-Id,X-Error-Code,X-Error-Message,X-Total-Count,ETag,Link,Accept-Ranges,Content-Range,X-Linked-Size,X-Linked-ETag,X-Xet-Hash'), (b'X-Cache', b'Miss from cloudfront'), (b'Via', b'1.1 9575f28a844c796168273849ffe9ad16.cloudfront.net (CloudFront)'), (b'X-Amz-Cf-Pop', b'EZE50-P7'), (b'X-Amz-Cf-Id', b'5hYborNueXo-C8RijSszN-TbMprcxbHv5Ie3b3eBAc1M6ryA54Ib_Q==')])
2026-04-19 12:21:09,379 - INFO - HTTP Request: GET https://huggingface.co/api/models/Systran/faster-whisper-base/revision/main "HTTP/1.1 200 OK"
2026-04-19 12:21:09,380 - DEBUG - receive_response_body.started request=<Request [b'GET']>
2026-04-19 12:21:09,381 - DEBUG - receive_response_body.complete
2026-04-19 12:21:09,382 - DEBUG - response_closed.started
2026-04-19 12:21:09,382 - DEBUG - response_closed.complete
2026-04-19 12:21:10,100 - INFO - Whisper precargado correctamente con device=cpu compute_type=int8
2026-04-19 12:21:10,101 - INFO - Modelo Whisper precargado antes de importar Qt
2026-04-19 12:21:10,455 - INFO - QApplication creado
2026-04-19 12:21:10,508 - INFO - MainWindow creado
2026-04-19 12:21:10,765 - INFO - Ventana mostrada
2026-04-19 12:21:10,766 - INFO - Entrando al event loop
2026-04-19 12:21:10,786 - INFO - Iniciando threads...
2026-04-19 12:21:10,787 - INFO - Threads iniciados exitosamente
2026-04-19 12:24:38,902 - INFO - Iniciando aplicacion...
2026-04-19 12:24:39,437 - INFO - Precargando Whisper con device=cpu compute_type=int8
2026-04-19 12:24:40,561 - DEBUG - connect_tcp.started host='huggingface.co' port=443 local_address=None timeout=None socket_options=None
2026-04-19 12:24:40,859 - DEBUG - connect_tcp.complete return_value=<httpcore._backends.sync.SyncStream object at 0x000002221FD66510>
2026-04-19 12:24:40,860 - DEBUG - start_tls.started ssl_context=<ssl.SSLContext object at 0x000002221FCAB6E0> server_hostname='huggingface.co' timeout=None
2026-04-19 12:24:40,902 - DEBUG - start_tls.complete return_value=<httpcore._backends.sync.SyncStream object at 0x000002221FC53B10>
2026-04-19 12:24:40,903 - DEBUG - send_request_headers.started request=<Request [b'GET']>
2026-04-19 12:24:40,905 - DEBUG - send_request_headers.complete
2026-04-19 12:24:40,905 - DEBUG - send_request_body.started request=<Request [b'GET']>
2026-04-19 12:24:40,907 - DEBUG - send_request_body.complete
2026-04-19 12:24:40,908 - DEBUG - receive_response_headers.started request=<Request [b'GET']>
2026-04-19 12:24:41,089 - DEBUG - receive_response_headers.complete return_value=(b'HTTP/1.1', 200, b'OK', [(b'Content-Type', b'application/json; charset=utf-8'), (b'Transfer-Encoding', b'chunked'), (b'Connection', b'keep-alive'), (b'Date', b'Sun, 19 Apr 2026 15:24:40 GMT'), (b'content-encoding', b'gzip'), (b'ETag', b'W/"7f0-Qd2YZ7UUYdU5l5vNsJuSu34Hp4g"'), (b'X-Powered-By', b'huggingface-moon'), (b'X-Request-Id', b'Root=1-69e4f3b8-4c417ea26fa325305a35847f;c825f26d-6d31-458c-8aa4-29a43903bc1e'), (b'RateLimit', b'"api";r=499;t=92'), (b'RateLimit-Policy', b'"fixed window";"api";q=500;w=300'), (b'cross-origin-opener-policy', b'same-origin'), (b'Referrer-Policy', b'strict-origin-when-cross-origin'), (b'Access-Control-Max-Age', b'86400'), (b'Access-Control-Allow-Origin', b'https://huggingface.co'), (b'Vary', b'Origin'), (b'vary', b'Accept-Encoding'), (b'Access-Control-Expose-Headers', b'X-Repo-Commit,X-Request-Id,X-Error-Code,X-Error-Message,X-Total-Count,ETag,Link,Accept-Ranges,Content-Range,X-Linked-Size,X-Linked-ETag,X-Xet-Hash'), (b'X-Cache', b'Miss from cloudfront'), (b'Via', b'1.1 d31121675203e55f502584ea86567648.cloudfront.net (CloudFront)'), (b'X-Amz-Cf-Pop', b'EZE50-P7'), (b'X-Amz-Cf-Id', b'y9xZXxFWHoF2slhTgnXgpOoZAmCGa9QyfPY1HXBTqDSYcHO316xBqQ==')])
2026-04-19 12:24:41,091 - INFO - HTTP Request: GET https://huggingface.co/api/models/Systran/faster-whisper-base/revision/main "HTTP/1.1 200 OK"
2026-04-19 12:24:41,091 - DEBUG - receive_response_body.started request=<Request [b'GET']>
2026-04-19 12:24:41,092 - DEBUG - receive_response_body.complete
2026-04-19 12:24:41,093 - DEBUG - response_closed.started
2026-04-19 12:24:41,093 - DEBUG - response_closed.complete
2026-04-19 12:24:41,806 - INFO - Whisper precargado correctamente con device=cpu compute_type=int8
2026-04-19 12:24:41,806 - INFO - Modelo Whisper precargado antes de importar Qt
2026-04-19 12:24:42,103 - INFO - QApplication creado
2026-04-19 12:24:42,140 - INFO - MainWindow creado
2026-04-19 12:24:42,384 - INFO - Ventana mostrada
2026-04-19 12:24:42,385 - INFO - Entrando al event loop
2026-04-19 12:24:42,396 - INFO - Iniciando threads...
2026-04-19 12:24:42,397 - INFO - Threads iniciados exitosamente
2026-04-19 12:25:11,273 - INFO - Iniciando aplicacion...
2026-04-19 12:25:11,865 - INFO - Precargando Whisper con device=cpu compute_type=int8
2026-04-19 12:25:13,019 - DEBUG - connect_tcp.started host='huggingface.co' port=443 local_address=None timeout=None socket_options=None
2026-04-19 12:25:13,065 - DEBUG - connect_tcp.complete return_value=<httpcore._backends.sync.SyncStream object at 0x000001D83EC26510>
2026-04-19 12:25:13,066 - DEBUG - start_tls.started ssl_context=<ssl.SSLContext object at 0x000001D83EB6B6E0> server_hostname='huggingface.co' timeout=None
2026-04-19 12:25:13,103 - DEBUG - start_tls.complete return_value=<httpcore._backends.sync.SyncStream object at 0x000001D83EB13B10>
2026-04-19 12:25:13,104 - DEBUG - send_request_headers.started request=<Request [b'GET']>
2026-04-19 12:25:13,105 - DEBUG - send_request_headers.complete
2026-04-19 12:25:13,106 - DEBUG - send_request_body.started request=<Request [b'GET']>
2026-04-19 12:25:13,107 - DEBUG - send_request_body.complete
2026-04-19 12:25:13,108 - DEBUG - receive_response_headers.started request=<Request [b'GET']>
2026-04-19 12:25:13,294 - DEBUG - receive_response_headers.complete return_value=(b'HTTP/1.1', 200, b'OK', [(b'Content-Type', b'application/json; charset=utf-8'), (b'Transfer-Encoding', b'chunked'), (b'Connection', b'keep-alive'), (b'Date', b'Sun, 19 Apr 2026 15:25:13 GMT'), (b'content-encoding', b'gzip'), (b'ETag', b'W/"7f0-Qd2YZ7UUYdU5l5vNsJuSu34Hp4g"'), (b'X-Powered-By', b'huggingface-moon'), (b'X-Request-Id', b'Root=1-69e4f3d9-5c84dfbe6d19dd597817d005;2a506b12-204c-4f79-87f5-841a491c9deb'), (b'RateLimit', b'"api";r=498;t=59'), (b'RateLimit-Policy', b'"fixed window";"api";q=500;w=300'), (b'cross-origin-opener-policy', b'same-origin'), (b'Referrer-Policy', b'strict-origin-when-cross-origin'), (b'Access-Control-Max-Age', b'86400'), (b'Access-Control-Allow-Origin', b'https://huggingface.co'), (b'Vary', b'Origin'), (b'vary', b'Accept-Encoding'), (b'Access-Control-Expose-Headers', b'X-Repo-Commit,X-Request-Id,X-Error-Code,X-Error-Message,X-Total-Count,ETag,Link,Accept-Ranges,Content-Range,X-Linked-Size,X-Linked-ETag,X-Xet-Hash'), (b'X-Cache', b'Miss from cloudfront'), (b'Via', b'1.1 9136b143cdd61169ea2ceae053aa744c.cloudfront.net (CloudFront)'), (b'X-Amz-Cf-Pop', b'EZE50-P7'), (b'X-Amz-Cf-Id', b'4pX0XzmrZJt-Kh7JAuMg-hYVd7DC2ahZNDpGZBtHNcmCHTwkjzRXRA==')])
2026-04-19 12:25:13,296 - INFO - HTTP Request: GET https://huggingface.co/api/models/Systran/faster-whisper-base/revision/main "HTTP/1.1 200 OK"
2026-04-19 12:25:13,297 - DEBUG - receive_response_body.started request=<Request [b'GET']>
2026-04-19 12:25:13,298 - DEBUG - receive_response_body.complete
2026-04-19 12:25:13,299 - DEBUG - response_closed.started
2026-04-19 12:25:13,299 - DEBUG - response_closed.complete
2026-04-19 12:25:14,065 - INFO - Whisper precargado correctamente con device=cpu compute_type=int8
2026-04-19 12:25:14,065 - INFO - Modelo Whisper precargado antes de importar Qt
2026-04-19 12:25:14,363 - INFO - QApplication creado
2026-04-19 12:25:14,393 - INFO - MainWindow creado
2026-04-19 12:25:14,641 - INFO - Ventana mostrada
2026-04-19 12:25:14,641 - INFO - Entrando al event loop
2026-04-19 12:25:14,656 - INFO - Iniciando threads...
2026-04-19 12:25:14,656 - INFO - Threads iniciados exitosamente
2026-04-19 12:27:54,841 - INFO - Iniciando aplicacion...
2026-04-19 12:27:55,526 - INFO - Precargando Whisper con device=cpu compute_type=int8
2026-04-19 12:27:56,775 - DEBUG - connect_tcp.started host='huggingface.co' port=443 local_address=None timeout=None socket_options=None
2026-04-19 12:27:56,887 - DEBUG - connect_tcp.complete return_value=<httpcore._backends.sync.SyncStream object at 0x0000022F78CD6510>
2026-04-19 12:27:56,888 - DEBUG - start_tls.started ssl_context=<ssl.SSLContext object at 0x0000022F77C4B6E0> server_hostname='huggingface.co' timeout=None
2026-04-19 12:27:56,933 - DEBUG - start_tls.complete return_value=<httpcore._backends.sync.SyncStream object at 0x0000022F77BF3B10>
2026-04-19 12:27:56,934 - DEBUG - send_request_headers.started request=<Request [b'GET']>
2026-04-19 12:27:56,935 - DEBUG - send_request_headers.complete
2026-04-19 12:27:56,936 - DEBUG - send_request_body.started request=<Request [b'GET']>
2026-04-19 12:27:56,937 - DEBUG - send_request_body.complete
2026-04-19 12:27:56,938 - DEBUG - receive_response_headers.started request=<Request [b'GET']>
2026-04-19 12:27:57,124 - DEBUG - receive_response_headers.complete return_value=(b'HTTP/1.1', 200, b'OK', [(b'Content-Type', b'application/json; charset=utf-8'), (b'Transfer-Encoding', b'chunked'), (b'Connection', b'keep-alive'), (b'Date', b'Sun, 19 Apr 2026 15:27:56 GMT'), (b'content-encoding', b'gzip'), (b'ETag', b'W/"7f0-Qd2YZ7UUYdU5l5vNsJuSu34Hp4g"'), (b'X-Powered-By', b'huggingface-moon'), (b'X-Request-Id', b'Root=1-69e4f47c-68147f704acdb70a25b52c7e;08fca35c-5c5d-4c0b-91ef-4f16619ab0ef'), (b'RateLimit', b'"api";r=499;t=196'), (b'RateLimit-Policy', b'"fixed window";"api";q=500;w=300'), (b'cross-origin-opener-policy', b'same-origin'), (b'Referrer-Policy', b'strict-origin-when-cross-origin'), (b'Access-Control-Max-Age', b'86400'), (b'Access-Control-Allow-Origin', b'https://huggingface.co'), (b'Vary', b'Origin'), (b'vary', b'Accept-Encoding'), (b'Access-Control-Expose-Headers', b'X-Repo-Commit,X-Request-Id,X-Error-Code,X-Error-Message,X-Total-Count,ETag,Link,Accept-Ranges,Content-Range,X-Linked-Size,X-Linked-ETag,X-Xet-Hash'), (b'X-Cache', b'Miss from cloudfront'), (b'Via', b'1.1 92b04fa1f7fc8cf7b88f8e05368a8846.cloudfront.net (CloudFront)'), (b'X-Amz-Cf-Pop', b'EZE50-P7'), (b'X-Amz-Cf-Id', b'mg0uVb-Epp3driCtfjBmi_EGlQ1f1i2i6_4u5ar1kGA-1GMCqMy4CA==')])
2026-04-19 12:27:57,126 - INFO - HTTP Request: GET https://huggingface.co/api/models/Systran/faster-whisper-base/revision/main "HTTP/1.1 200 OK"
2026-04-19 12:27:57,127 - DEBUG - receive_response_body.started request=<Request [b'GET']>
2026-04-19 12:27:57,128 - DEBUG - receive_response_body.complete
2026-04-19 12:27:57,128 - DEBUG - response_closed.started
2026-04-19 12:27:57,129 - DEBUG - response_closed.complete
2026-04-19 12:27:57,770 - INFO - Whisper precargado correctamente con device=cpu compute_type=int8
2026-04-19 12:27:57,771 - INFO - Modelo Whisper precargado antes de importar Qt
2026-04-19 12:27:58,036 - INFO - QApplication creado
2026-04-19 12:27:58,066 - INFO - MainWindow creado
2026-04-19 12:27:58,294 - INFO - Ventana mostrada
2026-04-19 12:27:58,295 - INFO - Entrando al event loop
2026-04-19 12:30:53,970 - INFO - Iniciando aplicacion...
2026-04-19 12:30:54,535 - INFO - Precargando Whisper con device=cpu compute_type=int8
2026-04-19 12:30:55,599 - DEBUG - connect_tcp.started host='huggingface.co' port=443 local_address=None timeout=None socket_options=None
2026-04-19 12:30:55,663 - DEBUG - connect_tcp.complete return_value=<httpcore._backends.sync.SyncStream object at 0x0000015916816510>
2026-04-19 12:30:55,664 - DEBUG - start_tls.started ssl_context=<ssl.SSLContext object at 0x000001591675B6E0> server_hostname='huggingface.co' timeout=None
2026-04-19 12:30:55,709 - DEBUG - start_tls.complete return_value=<httpcore._backends.sync.SyncStream object at 0x0000015916703B10>
2026-04-19 12:30:55,710 - DEBUG - send_request_headers.started request=<Request [b'GET']>
2026-04-19 12:30:55,712 - DEBUG - send_request_headers.complete
2026-04-19 12:30:55,713 - DEBUG - send_request_body.started request=<Request [b'GET']>
2026-04-19 12:30:55,714 - DEBUG - send_request_body.complete
2026-04-19 12:30:55,714 - DEBUG - receive_response_headers.started request=<Request [b'GET']>
2026-04-19 12:30:55,901 - DEBUG - receive_response_headers.complete return_value=(b'HTTP/1.1', 200, b'OK', [(b'Content-Type', b'application/json; charset=utf-8'), (b'Transfer-Encoding', b'chunked'), (b'Connection', b'keep-alive'), (b'Date', b'Sun, 19 Apr 2026 15:30:55 GMT'), (b'content-encoding', b'gzip'), (b'ETag', b'W/"7f0-Qd2YZ7UUYdU5l5vNsJuSu34Hp4g"'), (b'X-Powered-By', b'huggingface-moon'), (b'X-Request-Id', b'Root=1-69e4f52f-6bb64ac53fdfdedf1c1aadde;bf6073c7-f790-445f-8f23-8c995ad5c4ab'), (b'RateLimit', b'"api";r=499;t=197'), (b'RateLimit-Policy', b'"fixed window";"api";q=500;w=300'), (b'cross-origin-opener-policy', b'same-origin'), (b'Referrer-Policy', b'strict-origin-when-cross-origin'), (b'Access-Control-Max-Age', b'86400'), (b'Access-Control-Allow-Origin', b'https://huggingface.co'), (b'Vary', b'Origin'), (b'vary', b'Accept-Encoding'), (b'Access-Control-Expose-Headers', b'X-Repo-Commit,X-Request-Id,X-Error-Code,X-Error-Message,X-Total-Count,ETag,Link,Accept-Ranges,Content-Range,X-Linked-Size,X-Linked-ETag,X-Xet-Hash'), (b'X-Cache', b'Miss from cloudfront'), (b'Via', b'1.1 eed7bd53ac21bb2ec20f7056a2f8ebfa.cloudfront.net (CloudFront)'), (b'X-Amz-Cf-Pop', b'EZE50-P7'), (b'X-Amz-Cf-Id', b'DsECavMgN3o4PasNWB9T1UrDz6_fwDqaYezNuxmmGJrDr1r61QsVPw==')])
2026-04-19 12:30:55,903 - INFO - HTTP Request: GET https://huggingface.co/api/models/Systran/faster-whisper-base/revision/main "HTTP/1.1 200 OK"
2026-04-19 12:30:55,904 - DEBUG - receive_response_body.started request=<Request [b'GET']>
2026-04-19 12:30:55,906 - DEBUG - receive_response_body.complete
2026-04-19 12:30:55,906 - DEBUG - response_closed.started
2026-04-19 12:30:55,907 - DEBUG - response_closed.complete
2026-04-19 12:30:56,593 - INFO - Whisper precargado correctamente con device=cpu compute_type=int8
2026-04-19 12:30:56,594 - INFO - Modelo Whisper precargado antes de importar Qt
2026-04-19 12:30:56,839 - INFO - QApplication creado
2026-04-19 12:30:56,871 - INFO - MainWindow creado
2026-04-19 12:30:57,090 - INFO - Ventana mostrada
2026-04-19 12:30:57,091 - INFO - Entrando al event loop
2026-04-19 12:37:54,474 - INFO - Iniciando aplicacion...
2026-04-19 12:37:55,013 - INFO - Precargando Whisper con device=cpu compute_type=int8
2026-04-19 12:37:56,186 - DEBUG - connect_tcp.started host='huggingface.co' port=443 local_address=None timeout=None socket_options=None
2026-04-19 12:37:56,252 - DEBUG - connect_tcp.complete return_value=<httpcore._backends.sync.SyncStream object at 0x000001ADBE5E6510>
2026-04-19 12:37:56,253 - DEBUG - start_tls.started ssl_context=<ssl.SSLContext object at 0x000001ADBE5236E0> server_hostname='huggingface.co' timeout=None
2026-04-19 12:37:56,306 - DEBUG - start_tls.complete return_value=<httpcore._backends.sync.SyncStream object at 0x000001ADBE4D3B10>
2026-04-19 12:37:56,306 - DEBUG - send_request_headers.started request=<Request [b'GET']>
2026-04-19 12:37:56,308 - DEBUG - send_request_headers.complete
2026-04-19 12:37:56,309 - DEBUG - send_request_body.started request=<Request [b'GET']>
2026-04-19 12:37:56,309 - DEBUG - send_request_body.complete
2026-04-19 12:37:56,310 - DEBUG - receive_response_headers.started request=<Request [b'GET']>
2026-04-19 12:37:56,498 - DEBUG - receive_response_headers.complete return_value=(b'HTTP/1.1', 200, b'OK', [(b'Content-Type', b'application/json; charset=utf-8'), (b'Transfer-Encoding', b'chunked'), (b'Connection', b'keep-alive'), (b'Date', b'Sun, 19 Apr 2026 15:37:56 GMT'), (b'content-encoding', b'gzip'), (b'ETag', b'W/"7f0-Qd2YZ7UUYdU5l5vNsJuSu34Hp4g"'), (b'X-Powered-By', b'huggingface-moon'), (b'X-Request-Id', b'Root=1-69e4f6d4-748c6f4a6efcd7bc1f07b9b8;3bedaf4c-6ec8-4ffb-b059-571a17b9bb12'), (b'RateLimit', b'"api";r=499;t=76'), (b'RateLimit-Policy', b'"fixed window";"api";q=500;w=300'), (b'cross-origin-opener-policy', b'same-origin'), (b'Referrer-Policy', b'strict-origin-when-cross-origin'), (b'Access-Control-Max-Age', b'86400'), (b'Access-Control-Allow-Origin', b'https://huggingface.co'), (b'Vary', b'Origin'), (b'vary', b'Accept-Encoding'), (b'Access-Control-Expose-Headers', b'X-Repo-Commit,X-Request-Id,X-Error-Code,X-Error-Message,X-Total-Count,ETag,Link,Accept-Ranges,Content-Range,X-Linked-Size,X-Linked-ETag,X-Xet-Hash'), (b'X-Cache', b'Miss from cloudfront'), (b'Via', b'1.1 fa3d60d01c521da892a423d58d4f3b14.cloudfront.net (CloudFront)'), (b'X-Amz-Cf-Pop', b'EZE50-P7'), (b'X-Amz-Cf-Id', b'Ut16ywyhoYigmI5dnpRXPNaYHCT2ehwRqg4t-GPXSlbw2G42XEChig==')])
2026-04-19 12:37:56,500 - INFO - HTTP Request: GET https://huggingface.co/api/models/Systran/faster-whisper-base/revision/main "HTTP/1.1 200 OK"
2026-04-19 12:37:56,501 - DEBUG - receive_response_body.started request=<Request [b'GET']>
2026-04-19 12:37:56,502 - DEBUG - receive_response_body.complete
2026-04-19 12:37:56,503 - DEBUG - response_closed.started
2026-04-19 12:37:56,503 - DEBUG - response_closed.complete
2026-04-19 12:37:57,217 - INFO - Whisper precargado correctamente con device=cpu compute_type=int8
2026-04-19 12:37:57,217 - INFO - Modelo Whisper precargado antes de importar Qt
2026-04-19 12:37:57,487 - INFO - QApplication creado
2026-04-19 12:37:57,533 - INFO - MainWindow creado
2026-04-19 12:37:57,817 - INFO - Ventana mostrada
2026-04-19 12:37:57,818 - INFO - Entrando al event loop
2026-04-19 12:38:28,538 - INFO - start_listening() llamado
2026-04-19 12:38:28,539 - INFO - Solicitando inicio de audio...
2026-04-19 12:38:28,541 - INFO - start_stream() llamado
2026-04-19 12:38:28,542 - INFO - Inicializando segmentos y buffer
2026-04-19 12:38:28,544 - INFO - Creando InputStream con device=Micrófono (Realtek(R) Audio) (MME)
2026-04-19 12:38:29,321 - INFO - Estado _running establecido a True
2026-04-19 12:38:29,322 - INFO - Senal status_changed.emit enviada
2026-04-19 12:38:31,346 - INFO - Processing audio with duration 00:02.000
2026-04-19 12:38:31,759 - INFO - VAD filter removed 00:00.400 of audio
2026-04-19 12:38:31,759 - DEBUG - VAD filter kept the following audio segments: [00:00.400 -> 00:02.000]
2026-04-19 12:38:31,806 - DEBUG - Processing segment at 00:00.000
2026-04-19 12:38:32,811 - DEBUG - Log probability threshold is not met with temperature 0.0 (-1.627888 < -1.000000)
2026-04-19 12:38:32,812 - INFO - Processing audio with duration 00:02.000
2026-04-19 12:38:32,820 - INFO - VAD filter removed 00:00.000 of audio
2026-04-19 12:38:32,821 - DEBUG - VAD filter kept the following audio segments: [00:00.000 -> 00:02.000]
2026-04-19 12:38:32,825 - DEBUG - Processing segment at 00:00.000
2026-04-19 12:38:33,694 - DEBUG - Log probability threshold is not met with temperature 0.0 (-1.403726 < -1.000000)
2026-04-19 12:38:33,695 - INFO - Processing audio with duration 00:02.000
2026-04-19 12:38:33,703 - INFO - VAD filter removed 00:00.000 of audio
2026-04-19 12:38:33,703 - DEBUG - VAD filter kept the following audio segments: [00:00.000 -> 00:02.000]
2026-04-19 12:38:33,708 - DEBUG - Processing segment at 00:00.000
2026-04-19 12:38:34,612 - DEBUG - Log probability threshold is not met with temperature 0.0 (-1.580611 < -1.000000)
2026-04-19 12:38:36,376 - INFO - Processing audio with duration 00:02.000
2026-04-19 12:38:36,392 - INFO - VAD filter removed 00:01.328 of audio
2026-04-19 12:38:36,393 - DEBUG - VAD filter kept the following audio segments: [00:01.328 -> 00:02.000]
2026-04-19 12:38:36,400 - DEBUG - Processing segment at 00:00.000
2026-04-19 12:38:37,269 - DEBUG - Log probability threshold is not met with temperature 0.0 (-1.480663 < -1.000000)
2026-04-19 12:38:37,270 - INFO - Processing audio with duration 00:02.000
2026-04-19 12:38:37,278 - INFO - VAD filter removed 00:00.848 of audio
2026-04-19 12:38:37,279 - DEBUG - VAD filter kept the following audio segments: [00:00.848 -> 00:02.000]
2026-04-19 12:38:37,282 - DEBUG - Processing segment at 00:00.000
2026-04-19 12:38:38,184 - DEBUG - Log probability threshold is not met with temperature 0.0 (-1.305107 < -1.000000)
2026-04-19 12:38:38,185 - INFO - Processing audio with duration 00:02.000
2026-04-19 12:38:38,195 - INFO - VAD filter removed 00:00.000 of audio
2026-04-19 12:38:38,195 - DEBUG - VAD filter kept the following audio segments: [00:00.000 -> 00:02.000]
2026-04-19 12:38:38,200 - DEBUG - Processing segment at 00:00.000
2026-04-19 12:38:39,159 - DEBUG - Log probability threshold is not met with temperature 0.0 (-1.330683 < -1.000000)
2026-04-19 12:38:39,160 - INFO - Processing audio with duration 00:02.000
2026-04-19 12:38:39,168 - INFO - VAD filter removed 00:00.000 of audio
2026-04-19 12:38:39,168 - DEBUG - VAD filter kept the following audio segments: [00:00.000 -> 00:02.000]
2026-04-19 12:38:39,172 - DEBUG - Processing segment at 00:00.000
2026-04-19 12:38:40,088 - DEBUG - Log probability threshold is not met with temperature 0.0 (-1.274733 < -1.000000)
2026-04-19 12:38:40,089 - INFO - Processing audio with duration 00:02.000
2026-04-19 12:38:40,098 - INFO - VAD filter removed 00:00.000 of audio
2026-04-19 12:38:40,098 - DEBUG - VAD filter kept the following audio segments: [00:00.000 -> 00:02.000]
2026-04-19 12:38:40,103 - DEBUG - Processing segment at 00:00.000
2026-04-19 12:38:43,038 - DEBUG - Compression ratio threshold is not met with temperature 0.0 (24.700000 > 2.400000)
2026-04-19 12:38:43,039 - INFO - Processing audio with duration 00:02.000
2026-04-19 12:38:43,060 - INFO - VAD filter removed 00:00.000 of audio
2026-04-19 12:38:43,061 - DEBUG - VAD filter kept the following audio segments: [00:00.000 -> 00:02.000]
2026-04-19 12:38:43,065 - DEBUG - Processing segment at 00:00.000
2026-04-19 12:38:43,963 - DEBUG - Log probability threshold is not met with temperature 0.0 (-1.449486 < -1.000000)
2026-04-19 12:38:43,964 - INFO - Processing audio with duration 00:02.000
2026-04-19 12:38:43,974 - INFO - VAD filter removed 00:00.000 of audio
2026-04-19 12:38:43,975 - DEBUG - VAD filter kept the following audio segments: [00:00.000 -> 00:02.000]
2026-04-19 12:38:43,987 - DEBUG - Processing segment at 00:00.000
2026-04-19 12:38:44,864 - DEBUG - Log probability threshold is not met with temperature 0.0 (-1.008780 < -1.000000)
2026-04-19 12:38:44,865 - DEBUG - No speech threshold is met (0.640159 > 0.600000)
2026-04-19 12:38:44,865 - INFO - Processing audio with duration 00:02.000
2026-04-19 12:38:44,871 - INFO - VAD filter removed 00:00.656 of audio
2026-04-19 12:38:44,872 - DEBUG - VAD filter kept the following audio segments: [00:00.656 -> 00:02.000]
2026-04-19 12:38:44,876 - DEBUG - Processing segment at 00:00.000
2026-04-19 12:38:45,762 - INFO - Processing audio with duration 00:02.000
2026-04-19 12:38:45,772 - INFO - VAD filter removed 00:00.000 of audio
2026-04-19 12:38:45,772 - DEBUG - VAD filter kept the following audio segments: [00:00.000 -> 00:02.000]
2026-04-19 12:38:45,776 - DEBUG - Processing segment at 00:00.000
2026-04-19 12:38:48,734 - DEBUG - Compression ratio threshold is not met with temperature 0.0 (26.235294 > 2.400000)
2026-04-19 12:38:48,735 - INFO - Processing audio with duration 00:02.000
2026-04-19 12:38:48,747 - INFO - VAD filter removed 00:00.688 of audio
2026-04-19 12:38:48,747 - DEBUG - VAD filter kept the following audio segments: [00:00.688 -> 00:02.000]
2026-04-19 12:38:48,751 - DEBUG - Processing segment at 00:00.000
2026-04-19 12:38:49,617 - DEBUG - Log probability threshold is not met with temperature 0.0 (-1.470989 < -1.000000)
2026-04-19 12:38:49,619 - INFO - Processing audio with duration 00:02.000
2026-04-19 12:38:49,629 - INFO - VAD filter removed 00:00.000 of audio
2026-04-19 12:38:49,629 - DEBUG - VAD filter kept the following audio segments: [00:00.000 -> 00:02.000]
2026-04-19 12:38:49,634 - DEBUG - Processing segment at 00:00.000
2026-04-19 12:38:50,501 - INFO - Processing audio with duration 00:02.000
2026-04-19 12:38:50,510 - INFO - VAD filter removed 00:00.000 of audio
2026-04-19 12:38:50,510 - DEBUG - VAD filter kept the following audio segments: [00:00.000 -> 00:02.000]
2026-04-19 12:38:50,514 - DEBUG - Processing segment at 00:00.000
2026-04-19 12:38:51,424 - DEBUG - Log probability threshold is not met with temperature 0.0 (-1.063763 < -1.000000)
2026-04-19 12:38:51,425 - INFO - Processing audio with duration 00:02.000
2026-04-19 12:38:51,432 - INFO - VAD filter removed 00:00.000 of audio
2026-04-19 12:38:51,433 - DEBUG - VAD filter kept the following audio segments: [00:00.000 -> 00:02.000]
2026-04-19 12:38:51,437 - DEBUG - Processing segment at 00:00.000
2026-04-19 12:38:52,396 - DEBUG - Log probability threshold is not met with temperature 0.0 (-1.247389 < -1.000000)
2026-04-19 12:38:52,397 - INFO - Processing audio with duration 00:02.000
2026-04-19 12:38:52,409 - INFO - VAD filter removed 00:00.000 of audio
2026-04-19 12:38:52,410 - DEBUG - VAD filter kept the following audio segments: [00:00.000 -> 00:02.000]
2026-04-19 12:38:52,414 - DEBUG - Processing segment at 00:00.000
2026-04-19 12:38:53,296 - DEBUG - Log probability threshold is not met with temperature 0.0 (-1.535497 < -1.000000)
2026-04-19 12:38:53,297 - INFO - Processing audio with duration 00:02.000
2026-04-19 12:38:53,305 - INFO - VAD filter removed 00:00.000 of audio
2026-04-19 12:38:53,306 - DEBUG - VAD filter kept the following audio segments: [00:00.000 -> 00:02.000]
2026-04-19 12:38:53,309 - DEBUG - Processing segment at 00:00.000
2026-04-19 12:38:54,204 - DEBUG - Log probability threshold is not met with temperature 0.0 (-1.714418 < -1.000000)
2026-04-19 12:38:54,205 - INFO - Processing audio with duration 00:02.000
2026-04-19 12:38:54,213 - INFO - VAD filter removed 00:00.000 of audio
2026-04-19 12:38:54,213 - DEBUG - VAD filter kept the following audio segments: [00:00.000 -> 00:02.000]
2026-04-19 12:38:54,217 - DEBUG - Processing segment at 00:00.000
2026-04-19 12:38:55,099 - DEBUG - Log probability threshold is not met with temperature 0.0 (-1.043397 < -1.000000)
2026-04-19 12:38:55,100 - INFO - Processing audio with duration 00:02.000
2026-04-19 12:38:55,107 - INFO - VAD filter removed 00:00.000 of audio
2026-04-19 12:38:55,108 - DEBUG - VAD filter kept the following audio segments: [00:00.000 -> 00:02.000]
2026-04-19 12:38:55,112 - DEBUG - Processing segment at 00:00.000
2026-04-19 12:38:56,011 - DEBUG - Log probability threshold is not met with temperature 0.0 (-1.217911 < -1.000000)
2026-04-19 12:38:56,012 - INFO - Processing audio with duration 00:02.000
2026-04-19 12:38:56,021 - INFO - VAD filter removed 00:00.000 of audio
2026-04-19 12:38:56,022 - DEBUG - VAD filter kept the following audio segments: [00:00.000 -> 00:02.000]
2026-04-19 12:38:56,026 - DEBUG - Processing segment at 00:00.000
2026-04-19 12:38:56,917 - DEBUG - Log probability threshold is not met with temperature 0.0 (-1.680688 < -1.000000)
2026-04-19 12:38:56,918 - INFO - Processing audio with duration 00:02.000
2026-04-19 12:38:56,926 - INFO - VAD filter removed 00:01.008 of audio
2026-04-19 12:38:56,926 - DEBUG - VAD filter kept the following audio segments: [00:01.008 -> 00:02.000]
2026-04-19 12:38:56,929 - DEBUG - Processing segment at 00:00.000
2026-04-19 12:38:57,792 - DEBUG - Log probability threshold is not met with temperature 0.0 (-1.002780 < -1.000000)
2026-04-19 12:38:57,793 - INFO - Processing audio with duration 00:02.000
2026-04-19 12:38:57,800 - INFO - VAD filter removed 00:00.528 of audio
2026-04-19 12:38:57,801 - DEBUG - VAD filter kept the following audio segments: [00:00.528 -> 00:02.000]
2026-04-19 12:38:57,804 - DEBUG - Processing segment at 00:00.000
2026-04-19 12:38:58,666 - DEBUG - Log probability threshold is not met with temperature 0.0 (-1.149915 < -1.000000)
2026-04-19 12:38:58,667 - INFO - Processing audio with duration 00:02.000
2026-04-19 12:38:58,675 - INFO - VAD filter removed 00:00.000 of audio
2026-04-19 12:38:58,675 - DEBUG - VAD filter kept the following audio segments: [00:00.000 -> 00:02.000]
2026-04-19 12:38:58,679 - DEBUG - Processing segment at 00:00.000
2026-04-19 12:38:59,575 - DEBUG - Log probability threshold is not met with temperature 0.0 (-1.701282 < -1.000000)
2026-04-19 12:38:59,575 - DEBUG - No speech threshold is met (0.634105 > 0.600000)
2026-04-19 12:38:59,576 - INFO - Processing audio with duration 00:02.000
2026-04-19 12:38:59,582 - INFO - VAD filter removed 00:00.000 of audio
2026-04-19 12:38:59,583 - DEBUG - VAD filter kept the following audio segments: [00:00.000 -> 00:02.000]
2026-04-19 12:38:59,587 - DEBUG - Processing segment at 00:00.000
2026-04-19 12:39:00,524 - DEBUG - Log probability threshold is not met with temperature 0.0 (-1.041834 < -1.000000)
2026-04-19 12:39:00,525 - INFO - Processing audio with duration 00:02.000
2026-04-19 12:39:00,533 - INFO - VAD filter removed 00:00.000 of audio
2026-04-19 12:39:00,533 - DEBUG - VAD filter kept the following audio segments: [00:00.000 -> 00:02.000]
2026-04-19 12:39:00,537 - DEBUG - Processing segment at 00:00.000
2026-04-19 12:39:01,475 - DEBUG - Log probability threshold is not met with temperature 0.0 (-1.239370 < -1.000000)
2026-04-19 12:39:01,475 - DEBUG - No speech threshold is met (0.646301 > 0.600000)
2026-04-19 12:39:01,476 - INFO - Processing audio with duration 00:02.000
2026-04-19 12:39:01,483 - INFO - VAD filter removed 00:00.000 of audio
2026-04-19 12:39:01,483 - DEBUG - VAD filter kept the following audio segments: [00:00.000 -> 00:02.000]
2026-04-19 12:39:01,487 - DEBUG - Processing segment at 00:00.000
2026-04-19 12:39:02,367 - DEBUG - Log probability threshold is not met with temperature 0.0 (-1.029157 < -1.000000)
2026-04-19 12:39:02,368 - INFO - Processing audio with duration 00:02.000
2026-04-19 12:39:02,377 - INFO - VAD filter removed 00:00.000 of audio
2026-04-19 12:39:02,377 - DEBUG - VAD filter kept the following audio segments: [00:00.000 -> 00:02.000]
2026-04-19 12:39:02,382 - DEBUG - Processing segment at 00:00.000
2026-04-19 12:39:03,268 - DEBUG - Log probability threshold is not met with temperature 0.0 (-1.452743 < -1.000000)
2026-04-19 12:39:03,270 - INFO - Processing audio with duration 00:02.000
2026-04-19 12:39:03,277 - INFO - VAD filter removed 00:00.000 of audio
2026-04-19 12:39:03,278 - DEBUG - VAD filter kept the following audio segments: [00:00.000 -> 00:02.000]
2026-04-19 12:39:03,281 - DEBUG - Processing segment at 00:00.000
2026-04-19 12:39:04,200 - DEBUG - Log probability threshold is not met with temperature 0.0 (-1.156646 < -1.000000)
2026-04-19 12:39:04,201 - INFO - Processing audio with duration 00:02.000
2026-04-19 12:39:04,208 - INFO - VAD filter removed 00:00.000 of audio
2026-04-19 12:39:04,209 - DEBUG - VAD filter kept the following audio segments: [00:00.000 -> 00:02.000]
2026-04-19 12:39:04,212 - DEBUG - Processing segment at 00:00.000
2026-04-19 12:39:05,070 - DEBUG - Log probability threshold is not met with temperature 0.0 (-1.668999 < -1.000000)
2026-04-19 12:39:05,071 - INFO - Processing audio with duration 00:02.000
2026-04-19 12:39:05,079 - INFO - VAD filter removed 00:00.624 of audio
2026-04-19 12:39:05,080 - DEBUG - VAD filter kept the following audio segments: [00:00.624 -> 00:02.000]
2026-04-19 12:39:05,084 - DEBUG - Processing segment at 00:00.000
2026-04-19 12:39:06,021 - DEBUG - Log probability threshold is not met with temperature 0.0 (-1.365597 < -1.000000)
2026-04-19 12:39:06,022 - INFO - Processing audio with duration 00:02.000
2026-04-19 12:39:06,031 - INFO - VAD filter removed 00:00.000 of audio
2026-04-19 12:39:06,031 - DEBUG - VAD filter kept the following audio segments: [00:00.000 -> 00:02.000]
2026-04-19 12:39:06,036 - DEBUG - Processing segment at 00:00.000
2026-04-19 12:39:07,068 - DEBUG - Log probability threshold is not met with temperature 0.0 (-1.032037 < -1.000000)
2026-04-19 12:39:07,069 - INFO - Processing audio with duration 00:02.000
2026-04-19 12:39:07,079 - INFO - VAD filter removed 00:00.000 of audio
2026-04-19 12:39:07,079 - DEBUG - VAD filter kept the following audio segments: [00:00.000 -> 00:02.000]
2026-04-19 12:39:07,083 - DEBUG - Processing segment at 00:00.000
2026-04-19 12:39:08,088 - DEBUG - Log probability threshold is not met with temperature 0.0 (-1.190472 < -1.000000)
2026-04-19 12:39:08,089 - INFO - Processing audio with duration 00:02.000
2026-04-19 12:39:08,098 - INFO - VAD filter removed 00:00.000 of audio
2026-04-19 12:39:08,098 - DEBUG - VAD filter kept the following audio segments: [00:00.000 -> 00:02.000]
2026-04-19 12:39:08,103 - DEBUG - Processing segment at 00:00.000
2026-04-19 12:39:12,598 - INFO - closeEvent llamado - cerrando aplicación
2026-04-19 12:39:12,599 - INFO - stop_listening ejecutado
2026-04-19 12:39:12,600 - INFO - transcriber.shutdown() ejecutado
2026-04-19 12:39:12,600 - INFO - closeEvent completado
2026-04-19 12:39:12,661 - INFO - Event loop finalizado con código: 0
2026-04-19 12:39:12,728 - DEBUG - close.started
2026-04-19 12:39:12,729 - DEBUG - close.complete
